q_id,questions,contexts,ground_truth
25669a40-c93a-498c-9de5-458b41b9b4d2,我不想要紙本帳單了，想改用手機收簡訊看水費，要去哪裡登記？,"['什麼是「簡訊帳單」？\n**發布日期**: 2022/09/15 \n本公司為響應節能減碳，提供即時帳單通知服務，將現行紙本帳單改以「簡訊」方式發送，點開簡訊所附的帳單連結，並輸入手機號碼及認證碼，完成驗證程序後即可開啟當期帳單。\n來源：https://www.water.gov.tw/ch/Subject/Detail/14398?nodeId=4889\n何時開始實施簡訊帳單服務？\n**發布日期**: 2022/09/15 \n自110年1月起實施，首波開放申請對象為「代繳用戶」，於111年9月起簡訊帳單再升級，開放代收用戶(非代繳用戶)也能申請簡訊帳單。\n註：代繳是指「以存款帳戶或信用卡自動扣繳水費」。\n來源：https://www.water.gov.tw/ch/Subject/Detail/14399?nodeId=4889\n如何申請簡訊帳單？\n**發布日期**: 2023/05/04 \n1.可至本公司網路e櫃台/E帳單申辦/簡訊帳單/申請簡訊帳單，經手機OTP認證後即申請成功，自當期或下期採簡訊帳單，不再寄送紙本帳單，並享每期水費減免5元(優惠期限至114年12月止)。\n\xa0 \xa0\n2', '。\n[橘子支付繳費流程](https://www.water.gov.tw/ch/ServerFile/Get/e69f16c4-a1ec-4c93-be4f-9dd0d1f515b8?nodeId=760)\n\n(十三)全支付APP：輸入水號或掃描水單QR Code，即可查詢帳單及繳費，並可綁定水號以收到帳單通知。\n[全支付APP繳費流程](https://www.water.gov.tw/ch/ServerFile/Get/b3d8c226-b2b5-4afb-b31f-c9671e5c26d1?nodeId=760)\n\n(十四)全盈支付(全盈+PAY)：於全家便利商店APP點選「全盈+PAY」，輸入水號即可查詢帳單及繳費。\n[全盈支付繳費流程](https://www.water.gov.tw/ch/ServerFile/Get/e0b255b0-a005-48b0-8215-0e07aebe8e05?nodeId=760)\n來源：https://www.water.gov.tw/ch/Contents?nodeId=760\n繳費簡介 - 繳費期限\n**發布日期**: 2025/0', '付、Pi拍錢包、LINE\nPay...等行動支付APP可直接輸入水號繳納水費。三、可於本網站首頁，點選「線上繳費」，選擇「信用卡繳費」或「網路繳費」，線上進行繳費。四、水費單代收期限為次月21日，衡量補寄水費通知單郵寄時程，仍在超商、銀行代收期限內時，可受理用戶補單申請，自當月5日起至次月15日截止受理。例如：2月份帳單代收期限為3月21日，補單受理至3月15日止。倘有連續數期未收到通知單時，請通知用水當地服務(營運)所協助處理。五、倘前期水費未繳，請就近至本公司各地服務所繳費以免停水。六、二期催繳欠費受限於繳費期限，恕不開放補寄帳單。\n來源：https://www.water.gov.tw/ch/Subject/Detail/3739?nodeId=4889\n如何取消委託金融機構或郵局代繳水費？\n**發布日期**: 2022/01/12 \n一、請用戶攜帶近期水費單據、身分證、開戶印章、存摺或信用卡，向已開戶之郵局或金融機構或本公司用水當地服務（營運）所辦理終止委託代繳即可。二、亦可電洽用水當地服務（營運）所，或於本網站/網路e櫃台/線上申辦，申請取消委託代繳：(1)辦理取消委託代繳，']",可以至台水公司「網路e櫃台」或「E帳單申辦」網頁申請簡訊帳單。需經過手機OTP認證，申請成功後即自當期或下期改採簡訊通知，不再寄送紙本，並享每期水費減免5元優惠。
7e7658c1-96c8-4513-baa1-4d7e94f2a54c,家裡的水龍頭打開有一股像游泳池的味道，這是不是水質有問題？,"['Id=4889\n請問至家庭或由水廠送出之自來水溶氧濃度平均放範圍為何 ?\n**發布日期**: 2022/07/21 \n一般而言溶氧含量主要係追蹤水污染狀況之指標之一，清淨的河流的水質溶氧量可接近飽和溶氧量，水溫影響溶氧高低，溫度愈高溶氧量愈低，一般而言淨水處理後自來水溶氧量均較污染之水高，目前自來水之飲用水水質標準，未規範檢測水之溶氧濃度項目。\n來源：https://www.water.gov.tw/ch/Subject/Detail/3821?nodeId=4889\n煮完水後發現水中竟然有懸浮物像雪花一樣飄在表面是不是水質的問題?\n**發布日期**: 2022/07/21 \n1. 水煮沸後水中有懸浮物，是懸浮之細小碳酸鈣，一般水中溶解的鈣離子和鎂離子以碳酸鈣表示即所稱硬度，水中硬度可分為暫時硬度與永久硬度，暫時硬度是指以氫碳酸鹽方式存在者。\n2. 當它被加熱煮沸時會變成碳酸鈣白色固體而從水中析出，較細小之碳酸鈣不會沉澱，懸浮於水中，一般地下水常含有氫碳酸鈣，當被煮沸時會變成碳酸鈣（即俗稱的鍋垢），根據國內外文獻資料，它的存在於自來水中的濃度對人體健康並無影響。\n3. 我國「飲用水水質', '05?nodeId=4889\n新房子住了大概有三個月，我家的浴室地板、馬桶及洗臉盆的磁磚上面都會有粉紅色的水漬，有時候洗臉時會聞到有濃濃的消毒藥水味，觀察水在流出來的時候並沒有任何顏色，是透明的，這到底是水質有問題還是有別的原因?\n**發布日期**: 2022/07/21 \n1. 新房子中衛浴區使用三個月磁磚表面會有粉紅色水漬，可能為剛使用時水塔管線設備之積水中鐵氧化物較多，用水後導致衛浴表面積存較多鐵氧化物所致，此經清洗及使用一段時間後，這種現象應可消除。至於洗臉時會聞到消毒水味，可能為新設管線使用接著劑的味道，剛搬入新房子時建議不要直接使用自來水作為飲用水(此時可儘量用水於沖廁、擦洗地板、澆花、洗滌衣物等用途，尤其是早上啟動整晚未用自來水的時候)。\n2. 另外，為確保自來水符合安全衛生，避免水媒疾病的發生，台水公司供應之自來水會經加氯消毒處理，且須符合我國「飲用水水質標準」之自由有效餘氯含量(0.2~1.0毫克／公升，天然災害期間為0.2~3.0毫克／公升)，對一般人而言，這種濃度的自來水聞起來或喝起來是不會有明顯的味道，惟某些嗅覺或味覺較敏感的人仍會感覺到較重的消毒水味，如仍存有', '889\n水煮沸後喝起來有臭臭的味道,有藥劑可檢測是什麼問題嗎?\n**發布日期**: 2022/07/21 \n在飲用水水質標準判定嗅覺異味標準之項目為「臭度」，其標準為物理性嗅覺感官，故無法以藥劑檢測之。\n來源：https://www.water.gov.tw/ch/Subject/Detail/3807?nodeId=4889\n住宅公寓疑似有油漆（有機溶劑）污染水塔，已經有請人來清洗水塔了，可是水中還是有很重的有機溶劑味道，不知道有什麼辦法可以解決這個問題？\n**發布日期**: 2022/07/21 \n1. 若有機溶劑污染水塔嚴重，建議更換水塔，且水塔務必加蓋上鎖，且用大量清水沖洗管路。\n2. .若有機溶劑污染水塔較輕微，建議近期內家中飲用水改用外購包裝飲用水，經一段時間如無明顯油漆味道，再回復使用為飲用水用途，惟為安全起見仍以水龍頭前裝活性炭淨水裝置過濾吸附較為保險，且裝置之活性炭要定期更換之。\n3. 至於家中屋內經水塔後之供水，如欲進一步確認是否有有機溶劑等污染，可洽環保署環境檢驗所認證合格之實驗室辦理檢測（請上網搜尋：環境檢驗測定機構查詢）。\n來源：https://www.wat']",這是正常現象。自來水在淨水處理過程中會加氯消毒，以符合飲用水水質標準（0.2~1.0毫克/公升）。輕微的消毒水味代表水質是衛生安全的，對人體健康無影響。
faf90839-f2c9-4ece-bf80-fed947b52b5d,浴室地板看到紅色的線蟲在動，是自來水管裡面爬出來的嗎？會不會生病？,"['05?nodeId=4889\n新房子住了大概有三個月，我家的浴室地板、馬桶及洗臉盆的磁磚上面都會有粉紅色的水漬，有時候洗臉時會聞到有濃濃的消毒藥水味，觀察水在流出來的時候並沒有任何顏色，是透明的，這到底是水質有問題還是有別的原因?\n**發布日期**: 2022/07/21 \n1. 新房子中衛浴區使用三個月磁磚表面會有粉紅色水漬，可能為剛使用時水塔管線設備之積水中鐵氧化物較多，用水後導致衛浴表面積存較多鐵氧化物所致，此經清洗及使用一段時間後，這種現象應可消除。至於洗臉時會聞到消毒水味，可能為新設管線使用接著劑的味道，剛搬入新房子時建議不要直接使用自來水作為飲用水(此時可儘量用水於沖廁、擦洗地板、澆花、洗滌衣物等用途，尤其是早上啟動整晚未用自來水的時候)。\n2. 另外，為確保自來水符合安全衛生，避免水媒疾病的發生，台水公司供應之自來水會經加氯消毒處理，且須符合我國「飲用水水質標準」之自由有效餘氯含量(0.2~1.0毫克／公升，天然災害期間為0.2~3.0毫克／公升)，對一般人而言，這種濃度的自來水聞起來或喝起來是不會有明顯的味道，惟某些嗅覺或味覺較敏感的人仍會感覺到較重的消毒水味，如仍存有', '質的問題嗎? 該怎麼辦? 喝到這種蟲會不會影響健康?\n**發布日期**: 2022/07/21 \n1. 所述紅蟲可能是一種搖蚊科昆蟲的幼蟲，搖蚊科屬雙翅目，同屬雙翅目的昆蟲包括家蠅及蚊子，搖蚊在幼蟲及蛹階段均屬水棲性。\n2. 自來水供水過程中爬蟲等小動物是無法侵入供水管線內，且因自來水處理流程皆加氯消毒，供水管線保有自由餘氯會維持自來水送到用戶家中仍保有消毒能力，抑制微生物生長。\n3. 紅蟲可能是經由水溝排水管爬上來，或蓄水塔不乾淨而滋生，建議用戶檢查排水渠避免積水，減少蚊蟲滋生源頭，並定期清洗蓄水塔，蓄水塔應加蓋上鎖。\n4. 台水公司所供應之自來水會透過嚴格的檢驗管理來為用戶把關，此外各地方主管(環保)機關亦不定期抽驗自來水水質，民眾可安心使用。\n來源：https://www.water.gov.tw/ch/Subject/Detail/3825?nodeId=4889\n自自來水煮開後一直都有白色懸浮物,鄰居們說是因為有石灰質，真的可以長期飲用嗎? 長期喝會不會引發結石?\n**發布日期**: 2022/07/21 \n1. 煮沸開水表層有白色漂浮物乃正常現象，其係因存在於液面之硬度物質', '1. 您或許遇到過淨水器推銷員拿著一種簡單的電解器放入自來水中，經通電後，自來水開始產生黃褐色固體，當這種固體愈來愈多時，自來水就變成紅褐色渾濁狀，再藉由這種現象批評自來水水質不佳以利其推銷淨水器。\n2. 事實上，這是利用一般大眾對電解現象不了解來達到推銷之目的，因為自來水含有一些電解質（鈉、鈣、鎂等離子），具有導電性，而淨水器推銷員所使用的電解器常利用鐵棒作為陽極，鋁棒作為陰極，當電解器被放入自來水中並通電後，陽極的鐵棒會因電流作用釋放出鐵離子，鐵離子會立即和水反應變成黃（紅）褐色的氫氧化鐵渾濁物，如將電解器的陽極改換成鋁棒，則會釋放出鋁離子，再與水反應變成乳白色的氫氧化鋁渾濁物。\n3. 由此可見，電解所產生的渾濁現象並非來自自來水的水質，而是來自電解器陽極所用的材質，請勿受到這種不實的電解實驗誤導。\n來源：https://www.water.gov.tw/ch/Subject/Detail/3882?nodeId=4889\n自來水煮沸後，有時表面有一層白色漂浮物或有白色鍋垢，會不會影響人體健康？\n**發布日期**: 2022/07/21 \n1. 白色漂浮物或稱鍋垢是水中碳酸氫鹽（俗']",紅蟲通常是搖蚊科昆蟲的幼蟲，不太可能是從自來水管線侵入（因為有濾網且有餘氯消毒）。紅蟲多半是經由排水管爬上來，或蓄水塔未蓋好導致滋生。建議檢查排水溝並清洗水塔。
fc48ac34-0dea-41cf-b242-32fc7da98202,水費單已經過期幾天了，還可以直接去7-11繳錢嗎？還是要去水公司？,"['付、Pi拍錢包、LINE\nPay...等行動支付APP可直接輸入水號繳納水費。三、可於本網站首頁，點選「線上繳費」，選擇「信用卡繳費」或「網路繳費」，線上進行繳費。四、水費單代收期限為次月21日，衡量補寄水費通知單郵寄時程，仍在超商、銀行代收期限內時，可受理用戶補單申請，自當月5日起至次月15日截止受理。例如：2月份帳單代收期限為3月21日，補單受理至3月15日止。倘有連續數期未收到通知單時，請通知用水當地服務(營運)所協助處理。五、倘前期水費未繳，請就近至本公司各地服務所繳費以免停水。六、二期催繳欠費受限於繳費期限，恕不開放補寄帳單。\n來源：https://www.water.gov.tw/ch/Subject/Detail/3739?nodeId=4889\n如何取消委託金融機構或郵局代繳水費？\n**發布日期**: 2022/01/12 \n一、請用戶攜帶近期水費單據、身分證、開戶印章、存摺或信用卡，向已開戶之郵局或金融機構或本公司用水當地服務（營運）所辦理終止委託代繳即可。二、亦可電洽用水當地服務（營運）所，或於本網站/網路e櫃台/線上申辦，申請取消委託代繳：(1)辦理取消委託代繳，', '專線1910。\n\n(因前已寄水費通知單爰不再寄繳費憑證)\n來源：https://www.water.gov.tw/ch/Contents?nodeId=760\n如何使用自動櫃員機(ATM)繳費?\n**發布日期**: 2025/01/23 \n目前土地銀行及彰化銀行有提供此項ATM繳水費服務，限使用該銀行ATM金融卡。\n\n土地銀行繳費方式：\n\n於土地銀行ATM輸入金融卡密碼後，選擇『勞保局資料查詢及其他交易』>選擇『繳納稅費』>選擇『繳納自來水費』>輸入水費帳單上「代收期限」、「銷帳編號」、「應繳總金額」、「查核碼」等資料>選擇『確認』即完成繳費(請妥善保存交易明細表)。\n\n\n彰化銀行繳費方式：\n\n於彰化銀行ATM輸入金融卡密碼後，選擇繳費之扣款帳號 >選擇『其他服務』>選擇『繳費』>選擇『公用事業費/代收』>選擇『輸入繳費』>選擇『台灣自來水費』>輸入水費帳單上「代收期限」、「銷帳編號」、「應繳總金額」、「查核碼」等資料>選擇『確認』即完成繳費(請妥善保存交易明細表)。\n彰化銀行「網路ATM」亦提供此項繳水費服務。\n部份彰化銀行ATM未提供此項繳水費服務，詳情請洽彰銀客服專線：(02)4', '護費、折舊、利息等固定費用，以維持持續供水狀態。基於使用者付費原則，基本營運費用（固定費用）應由用戶分擔。\n\n（2）民國86年5月1日起，本公司取消基本度，改採基本費計價方式，單位水價不變。因原以「基本度數」範圍內收取基本費之制度，致部份用戶產生「不用白不用」心態，造成用水浪費，有違政府鼓勵節約用水之政策，故於85年5月27日經省議會第67次省政會討論通過，省府以86年4月25日86府建6字第42984號函本公司：經報內政部同意備查。本公司於86年5月1日起取消基本度，改以基本費計價方式收取水費。\n\n6.現行水價\n\n用戶應繳之總水費，包括基本費及實際用水量按分段水費價目計收之水費。目前水價係依經濟部93.1.30經授水字第09320220520號函核准增列水表口徑350及400公厘以上之基本費計收標準暨經濟部96.7.12經水字第09600577790號函核准修正水價由外加5％營業稅改為內含計算(目前水費價目詳表1及表2）。\n\n表1：水費價目表(1)基本費\n\n\n水表口徑（公厘）月基本費（元/月）水表口徑（公厘）月基本費（元/月）1317.851505,301.452035.702001']",若僅超過繳費期限但還在「代收期限」內（通常是次月21日前），仍可持單至四大超商（統一、全家、OK、萊爾富）繳費。若已超過代收期限，則需至台水營運所繳費。
ec0110cd-ecf2-462a-b4f8-7d5008631074,水龍頭流出來的水白白的像牛奶一樣，放一下又變透明，是不是有加什麼化學藥劑？,"['3869?nodeId=4889\n自來水水源來自那裡？水源水質如何？\n**發布日期**: 2022/07/21 \n1. 台水公司水源主要區分為地面水和地下水兩種，所謂地面水是指河川或水庫水，地下水是指鑿井抽取地層中水層的水。\n2. 台水公司在選擇水源時會先做水量與水源水質的調查，符合「飲用水水源水質標準」方才取用。\n來源：https://www.water.gov.tw/ch/Subject/Detail/3866?nodeId=4889\n何謂優養化，它對水質的影響如何？\n**發布日期**: 2022/07/21 \n1. 增加顆粒狀有機質之數量，如浮游性植物、底棲動物、細菌、真菌等。\n2. 水庫自淨能力逐漸喪失，水中自然生態破壞致水質轉劣，產生色度與臭度，鐵、錳、氨氮等含量增加。\n3. 藻細胞溶出之特殊有機物，阻礙膠凝作用，導致膠凝劑用量增加，除藻效率差。\n4. 因藻類不易沉澱去除，流入快濾池會使濾床較易阻塞，又因為反沖洗頻繁，將增加反沖洗機的故障率，影響淨水操作。\n5. 一般淨水方法難將藍藻、放線菌產生之色度、臭度有效去除，因此需增加高級淨水處理設備方能去除。\n6. 細小藻類可能穿透', '發生銹蝕所致，建請用戶洽詢所在地水電行改換不銹鋼管。\n來源：https://www.water.gov.tw/ch/Subject/Detail/3876?nodeId=4889\n有時從水龍頭流出的自來水出現青色物質，為什麼？\n**發布日期**: 2022/07/21 \n此種現象主要係因銅管容易被腐蝕（特別是pH值低的水），而產生青色的氫氧化銅或碳酸銅所致，建議用戶可將家中水管改為不銹鋼管或塑膠管並定期清洗水塔（池），以確保衛生。\n來源：https://www.water.gov.tw/ch/Subject/Detail/3873?nodeId=4889\n為何用戶家中蓄水池池底或濾水器濾心會附著沉澱物？\n**發布日期**: 2022/07/21 \n1. 台水公司所供應的自來水之濁度及其它水質項目須符合「飲用水水質標準」的規定，對飲用者健康無害，但難免含有極少量肉眼難看到的微粒。\n2. 雖然這些微粒對人體無害，但它們會沉澱累積在蓄水池池底或濾水器濾心，經過一段時間的累積會被觀察到，其實即使是先進國家的自來水亦無法避免這種現象，當這種現象發生時，籲請用戶清洗蓄水池或更換濾水器濾心。\n來源：', 'Id=4889\n請問至家庭或由水廠送出之自來水溶氧濃度平均放範圍為何 ?\n**發布日期**: 2022/07/21 \n一般而言溶氧含量主要係追蹤水污染狀況之指標之一，清淨的河流的水質溶氧量可接近飽和溶氧量，水溫影響溶氧高低，溫度愈高溶氧量愈低，一般而言淨水處理後自來水溶氧量均較污染之水高，目前自來水之飲用水水質標準，未規範檢測水之溶氧濃度項目。\n來源：https://www.water.gov.tw/ch/Subject/Detail/3821?nodeId=4889\n煮完水後發現水中竟然有懸浮物像雪花一樣飄在表面是不是水質的問題?\n**發布日期**: 2022/07/21 \n1. 水煮沸後水中有懸浮物，是懸浮之細小碳酸鈣，一般水中溶解的鈣離子和鎂離子以碳酸鈣表示即所稱硬度，水中硬度可分為暫時硬度與永久硬度，暫時硬度是指以氫碳酸鹽方式存在者。\n2. 當它被加熱煮沸時會變成碳酸鈣白色固體而從水中析出，較細小之碳酸鈣不會沉澱，懸浮於水中，一般地下水常含有氫碳酸鈣，當被煮沸時會變成碳酸鈣（即俗稱的鍋垢），根據國內外文獻資料，它的存在於自來水中的濃度對人體健康並無影響。\n3. 我國「飲用水水質']",這是物理現象，與水質無關。主因是管線內壓力變化混入空氣，導致水夾帶大量氣泡看起來呈現白濁色。靜置數秒氣泡消失後就會變回清澈，請安心使用。
3003121b-6cb7-4715-8004-81b226cfed4b,我想同時收到Email的水費單和手機簡訊通知，系統說不行，為什麼？,"['什麼是「簡訊帳單」？\n**發布日期**: 2022/09/15 \n本公司為響應節能減碳，提供即時帳單通知服務，將現行紙本帳單改以「簡訊」方式發送，點開簡訊所附的帳單連結，並輸入手機號碼及認證碼，完成驗證程序後即可開啟當期帳單。\n來源：https://www.water.gov.tw/ch/Subject/Detail/14398?nodeId=4889\n何時開始實施簡訊帳單服務？\n**發布日期**: 2022/09/15 \n自110年1月起實施，首波開放申請對象為「代繳用戶」，於111年9月起簡訊帳單再升級，開放代收用戶(非代繳用戶)也能申請簡訊帳單。\n註：代繳是指「以存款帳戶或信用卡自動扣繳水費」。\n來源：https://www.water.gov.tw/ch/Subject/Detail/14399?nodeId=4889\n如何申請簡訊帳單？\n**發布日期**: 2023/05/04 \n1.可至本公司網路e櫃台/E帳單申辦/簡訊帳單/申請簡訊帳單，經手機OTP認證後即申請成功，自當期或下期採簡訊帳單，不再寄送紙本帳單，並享每期水費減免5元(優惠期限至114年12月止)。\n\xa0 \xa0\n2', '付、Pi拍錢包、LINE\nPay...等行動支付APP可直接輸入水號繳納水費。三、可於本網站首頁，點選「線上繳費」，選擇「信用卡繳費」或「網路繳費」，線上進行繳費。四、水費單代收期限為次月21日，衡量補寄水費通知單郵寄時程，仍在超商、銀行代收期限內時，可受理用戶補單申請，自當月5日起至次月15日截止受理。例如：2月份帳單代收期限為3月21日，補單受理至3月15日止。倘有連續數期未收到通知單時，請通知用水當地服務(營運)所協助處理。五、倘前期水費未繳，請就近至本公司各地服務所繳費以免停水。六、二期催繳欠費受限於繳費期限，恕不開放補寄帳單。\n來源：https://www.water.gov.tw/ch/Subject/Detail/3739?nodeId=4889\n如何取消委託金融機構或郵局代繳水費？\n**發布日期**: 2022/01/12 \n一、請用戶攜帶近期水費單據、身分證、開戶印章、存摺或信用卡，向已開戶之郵局或金融機構或本公司用水當地服務（營運）所辦理終止委託代繳即可。二、亦可電洽用水當地服務（營運）所，或於本網站/網路e櫃台/線上申辦，申請取消委託代繳：(1)辦理取消委託代繳，', '費，逾二期未繳須到本公司服務所繳費。 2.以6月份水費為例，繳費期限為6月21日，超過繳費期限，即6月22日至7月21日前仍可至超商等代收單位繳費，遲延繳付費於下期補收。超過7月22日仍未繳費，為加強便民服務，本公司會將6月及8月份二期水費合併，於7月底郵寄二期催繳通知單，用戶可持單於一定繳費期限內至超商等代收機構臨櫃繳費。 3.於8月13日前倘未收到二期催繳通知單，如未停止供水拆表前，用戶如有繳費需求，可先與用水地址當地之服務、營運所聯繫，以現金袋或郵政匯票掛號郵寄或匯款繳費。\n來源：https://www.water.gov.tw/ch/Subject/Detail/3730?nodeId=4889\n中間結帳所需攜帶資料?\n**發布日期**: 2021/11/11 \n1.當月或上月份水費收據\n\n\n2.自抄指針數：用戶請自行抄錄指針數（可來電洽詢表號），亦可以相機、手機拍攝水表指針數後，供本公司判讀數據。\n\n\n備註\n\n\n1.已抄表開單途中者，已結清之下期水費請勿繳；當期內無法受理連續中間結帳。\n\n\n2.中午休息時間暫停受理跨區所中間結帳。\n來源：https://www.water.g']",不可以同時申請。台水公司推動無紙化，提供「電子帳單（Email）」及「簡訊帳單」兩種服務，用戶僅能依需求「擇一」申請，申請後即不再寄送紙本帳單。
bab1a57f-7202-493f-829a-e3b6a8013228,新家廁所磁磚老是有粉紅色的污漬，是不是水不乾淨？,"['05?nodeId=4889\n新房子住了大概有三個月，我家的浴室地板、馬桶及洗臉盆的磁磚上面都會有粉紅色的水漬，有時候洗臉時會聞到有濃濃的消毒藥水味，觀察水在流出來的時候並沒有任何顏色，是透明的，這到底是水質有問題還是有別的原因?\n**發布日期**: 2022/07/21 \n1. 新房子中衛浴區使用三個月磁磚表面會有粉紅色水漬，可能為剛使用時水塔管線設備之積水中鐵氧化物較多，用水後導致衛浴表面積存較多鐵氧化物所致，此經清洗及使用一段時間後，這種現象應可消除。至於洗臉時會聞到消毒水味，可能為新設管線使用接著劑的味道，剛搬入新房子時建議不要直接使用自來水作為飲用水(此時可儘量用水於沖廁、擦洗地板、澆花、洗滌衣物等用途，尤其是早上啟動整晚未用自來水的時候)。\n2. 另外，為確保自來水符合安全衛生，避免水媒疾病的發生，台水公司供應之自來水會經加氯消毒處理，且須符合我國「飲用水水質標準」之自由有效餘氯含量(0.2~1.0毫克／公升，天然災害期間為0.2~3.0毫克／公升)，對一般人而言，這種濃度的自來水聞起來或喝起來是不會有明顯的味道，惟某些嗅覺或味覺較敏感的人仍會感覺到較重的消毒水味，如仍存有', '1. 您或許遇到過淨水器推銷員拿著一種簡單的電解器放入自來水中，經通電後，自來水開始產生黃褐色固體，當這種固體愈來愈多時，自來水就變成紅褐色渾濁狀，再藉由這種現象批評自來水水質不佳以利其推銷淨水器。\n2. 事實上，這是利用一般大眾對電解現象不了解來達到推銷之目的，因為自來水含有一些電解質（鈉、鈣、鎂等離子），具有導電性，而淨水器推銷員所使用的電解器常利用鐵棒作為陽極，鋁棒作為陰極，當電解器被放入自來水中並通電後，陽極的鐵棒會因電流作用釋放出鐵離子，鐵離子會立即和水反應變成黃（紅）褐色的氫氧化鐵渾濁物，如將電解器的陽極改換成鋁棒，則會釋放出鋁離子，再與水反應變成乳白色的氫氧化鋁渾濁物。\n3. 由此可見，電解所產生的渾濁現象並非來自自來水的水質，而是來自電解器陽極所用的材質，請勿受到這種不實的電解實驗誤導。\n來源：https://www.water.gov.tw/ch/Subject/Detail/3882?nodeId=4889\n自來水煮沸後，有時表面有一層白色漂浮物或有白色鍋垢，會不會影響人體健康？\n**發布日期**: 2022/07/21 \n1. 白色漂浮物或稱鍋垢是水中碳酸氫鹽（俗', '質的問題嗎? 該怎麼辦? 喝到這種蟲會不會影響健康?\n**發布日期**: 2022/07/21 \n1. 所述紅蟲可能是一種搖蚊科昆蟲的幼蟲，搖蚊科屬雙翅目，同屬雙翅目的昆蟲包括家蠅及蚊子，搖蚊在幼蟲及蛹階段均屬水棲性。\n2. 自來水供水過程中爬蟲等小動物是無法侵入供水管線內，且因自來水處理流程皆加氯消毒，供水管線保有自由餘氯會維持自來水送到用戶家中仍保有消毒能力，抑制微生物生長。\n3. 紅蟲可能是經由水溝排水管爬上來，或蓄水塔不乾淨而滋生，建議用戶檢查排水渠避免積水，減少蚊蟲滋生源頭，並定期清洗蓄水塔，蓄水塔應加蓋上鎖。\n4. 台水公司所供應之自來水會透過嚴格的檢驗管理來為用戶把關，此外各地方主管(環保)機關亦不定期抽驗自來水水質，民眾可安心使用。\n來源：https://www.water.gov.tw/ch/Subject/Detail/3825?nodeId=4889\n自自來水煮開後一直都有白色懸浮物,鄰居們說是因為有石灰質，真的可以長期飲用嗎? 長期喝會不會引發結石?\n**發布日期**: 2022/07/21 \n1. 煮沸開水表層有白色漂浮物乃正常現象，其係因存在於液面之硬度物質']",粉紅色水漬通常不是水質問題，而是環境潮濕導致微生物（如細菌或黴菌）滋生，或是新成屋水管初期鐵氧化物較多所致。建議保持通風乾燥，並清洗水塔與管線。
e3ff3413-4355-46dc-9f42-8836f3ed1db3,煮開水上面都會浮一層白白的東西，喝這種水會不會得腎結石啊？,"['質的問題嗎? 該怎麼辦? 喝到這種蟲會不會影響健康?\n**發布日期**: 2022/07/21 \n1. 所述紅蟲可能是一種搖蚊科昆蟲的幼蟲，搖蚊科屬雙翅目，同屬雙翅目的昆蟲包括家蠅及蚊子，搖蚊在幼蟲及蛹階段均屬水棲性。\n2. 自來水供水過程中爬蟲等小動物是無法侵入供水管線內，且因自來水處理流程皆加氯消毒，供水管線保有自由餘氯會維持自來水送到用戶家中仍保有消毒能力，抑制微生物生長。\n3. 紅蟲可能是經由水溝排水管爬上來，或蓄水塔不乾淨而滋生，建議用戶檢查排水渠避免積水，減少蚊蟲滋生源頭，並定期清洗蓄水塔，蓄水塔應加蓋上鎖。\n4. 台水公司所供應之自來水會透過嚴格的檢驗管理來為用戶把關，此外各地方主管(環保)機關亦不定期抽驗自來水水質，民眾可安心使用。\n來源：https://www.water.gov.tw/ch/Subject/Detail/3825?nodeId=4889\n自自來水煮開後一直都有白色懸浮物,鄰居們說是因為有石灰質，真的可以長期飲用嗎? 長期喝會不會引發結石?\n**發布日期**: 2022/07/21 \n1. 煮沸開水表層有白色漂浮物乃正常現象，其係因存在於液面之硬度物質', '是5.0毫克／公升；鋅非屬影響健康物質，量高使水產生白濁物（氫氧化鋅）而影響觀感。\n2. 自來水含鋅多來自鍍鋅銅管的溶出，台水公司所供應之自來水會透過嚴格的檢驗管理來為用戶把關，民眾可安心飲用。\n來源：https://www.water.gov.tw/ch/Subject/Detail/3839?nodeId=4889\n何謂硬度？自來水硬度的含量依「飲用水水質標準」規定為多少？\n**發布日期**: 2022/07/21 \n1. 水中溶解的鈣離子和鎂離子以碳酸鈣表示即被稱為硬度，水中硬度可分為暫時硬度與永久硬度，暫時硬度是指以氫碳酸鹽方式存在者，當它被加熱煮沸時會變成碳酸鈣白色固體而從水中析出，永久硬度則是以非氫碳酸鹽方式存在於水中者（如硫酸鈣、氯化鈣、硫酸鎂、氯化鎂等），加熱並不會析出，一般地下水常含有氫碳酸鈣硬度，當被煮沸時會變成碳酸鈣（即俗稱的鍋垢）。\n2. 我國「飲用水水質標準」總硬度(以CaCO3計)的最大限值是300毫克／公升，因天然災害需分區供水者，於天然災害應變期間，供水區域飲用水水質標準總硬度最大限值為400毫克/公升。有些地區的用戶抱怨他們的自來水煮沸會產生鍋垢而質疑', '1. 您或許遇到過淨水器推銷員拿著一種簡單的電解器放入自來水中，經通電後，自來水開始產生黃褐色固體，當這種固體愈來愈多時，自來水就變成紅褐色渾濁狀，再藉由這種現象批評自來水水質不佳以利其推銷淨水器。\n2. 事實上，這是利用一般大眾對電解現象不了解來達到推銷之目的，因為自來水含有一些電解質（鈉、鈣、鎂等離子），具有導電性，而淨水器推銷員所使用的電解器常利用鐵棒作為陽極，鋁棒作為陰極，當電解器被放入自來水中並通電後，陽極的鐵棒會因電流作用釋放出鐵離子，鐵離子會立即和水反應變成黃（紅）褐色的氫氧化鐵渾濁物，如將電解器的陽極改換成鋁棒，則會釋放出鋁離子，再與水反應變成乳白色的氫氧化鋁渾濁物。\n3. 由此可見，電解所產生的渾濁現象並非來自自來水的水質，而是來自電解器陽極所用的材質，請勿受到這種不實的電解實驗誤導。\n來源：https://www.water.gov.tw/ch/Subject/Detail/3882?nodeId=4889\n自來水煮沸後，有時表面有一層白色漂浮物或有白色鍋垢，會不會影響人體健康？\n**發布日期**: 2022/07/21 \n1. 白色漂浮物或稱鍋垢是水中碳酸氫鹽（俗']",那是水中的礦物質（鈣、鎂離子）加熱後形成的碳酸鈣（鍋垢/石灰質），對健康無害。醫學研究指出水質硬度與泌尿結石無直接關係，甚至硬度高可能降低心血管疾病發病率。
db101a66-b8d7-4b81-b752-841f45729aab,帳單上多了一筆污水處理費，我沒用下水道為什麼要收？,"['徑13mm(毫米)20mm(毫米)25mm(毫米)40mm(毫米)50mm(毫米)復水費460元460元800元800元3,000元\n\n\n\n\n申請停用或停水處分已超過2年而註銷水籍者，如需重新用水，依新設方式辦理。\n來源：https://www.water.gov.tw/ch/Subject/Detail/3709?nodeId=4889\n如何申請停用，空屋不用水可否辦理廢止﹖\n**發布日期**: 2021/11/10 \n（一）停用自來水可以請親洽本公司當地服務（營運）所辦理，並拍攝水表度數於櫃檯先結清水費。\n（二）空屋，倘日後仍須用水，不宜申請廢止，房屋暫不用水可辦理停用。\n來源：https://www.water.gov.tw/ch/Subject/Detail/3708?nodeId=4889\n因房屋租賃糾紛致用水名義人已申辦停用，嗣後承租人要求復用時，如何辦理？\n**發布日期**: 2021/11/10 \n依據本公司73年8月1日台水營字第21292號函：鑑於自來水為生活必需品，出租人與承租人雖發生租賃糾紛，但承租人尚未將租賃之房屋遷讓交還出租人前，仍有權使用該房屋，出租人為迫', '用戶若確定住家污水管未接入公共污水下水道卻又被徵收使用費時，可向各直轄市、縣(市)主管機關反映，主管機關會派專人會同用戶現場確認，經確認後，再由用戶檢附相關文件依程序向主管機關申請誤徵退費。各直轄市、縣(市)主管機關洽詢專線：※高雄市政府水利局：(07)7995678轉2244、2245、2289。辦公時間：周一至周五(8：00~17：00，休息時間:12：00~13：30)。※宜蘭縣政府下水道科：（03）9251000轉8055※台南市政府水利局：（06）2986672轉7687、7671※新北市政府水利局：0800-230-001※南投縣政府工務處下水道科：(049)2222106轉1511、1512\n來源：https://www.water.gov.tw/ch/Subject/Detail/3900?nodeId=4889\n如何確定我家是否有被徵收污水下水道使用費？\n**發布日期**: 2022/10/27 \n一、可洽詢各直轄市、縣(市)主管機關洽詢專線：※高雄市政府水利局：(07)7995678轉2244、2245、2289。辦公時間：周一至周五(8：00~17：00，休息時間', '*發布日期**: 2021/11/11 \n污水下水道使用費是針對已接用污水下水道的用戶才會徵收費用，目前高雄市有在推動用戶接管的地區有下列16個行政區，在這16個行政區內且已完成用戶接管的用戶才需繳交污水下水道使用費。原高雄市範圍11個行政區：楠梓、左營、鼓山、三民、新興、苓雅、前金、鹽埕、旗津、前鎮、小港。原高雄縣範圍5個行政區：鳳山、鳥松、大樹、旗山、美濃。\n來源：https://www.water.gov.tw/ch/Subject/Detail/3897?nodeId=4889\n污水下水道使用費如何徵收？如何計算出來的？\n**發布日期**: 2021/11/11 \n各直轄市、縣(市)主管機關依「下水道法」第26條第2項規定，訂定污水下水道使用費徵收辦法或自治條例，委託本公司隨水費帳單代為徵收污水下水道使用費，並將所收費用匯繳各直轄市、縣(市)主管機關。\n※代徵對象：由各直轄市、縣(市)主管機關提供應代徵污水下水道使用費之用戶名冊。\n※計算方式：按用水量隨水費代徵。\n污水下水道使用費＝各直轄市、縣(市)主管機關公告之每度費率×實用水量(包含分攤度數)。(金額角以下四捨五入)\n[※']",這是「污水下水道使用費」，基於使用者付費原則。若您所在地區已完成污水管線接管，將家中廢水排入公共污水下水道處理，就必須隨水費繳納此費用。
f9d4630d-b2d4-4a33-9015-74cccb0b41a3,我的帳戶錢不夠導致水費沒扣到款，現在該怎麼補繳？,"['地服務（營運）所申請補發繳費証明。 \n備註：用戶積欠水費尚未付清者，本公司未便發給繳費證明。\n來源：https://www.water.gov.tw/ch/Subject/Detail/3733?nodeId=4889\n用戶水量計遺失怎麼辦？\n**發布日期**: 2024/01/02 \n1.用戶如發現水量計遺失時，應即向本公司當地服務（營運）所，辦理賠表手續，重新裝表；如發現水量計失竊並提出報案紀錄，將不要求用戶賠償。\n\n2.賠償金額：賠表金額按水量計帳面價值計收，本公司每年更新頒布各年度水量計口徑賠表對照價額表，應依表列價額辦理賠表(詳如附件)。\n來源：https://www.water.gov.tw/ch/Subject/Detail/3743?nodeId=4889\n有關申辦現役軍人眷屬用水優待之相關事項彙整表\n**發布日期**: 2023/08/14 \n檔案下載\n\n申辦現役軍人眷屬用水優待之相關事項彙整表.pdf(63.9K)(MD5驗證)\n來源：https://www.water.gov.tw/ch/Subject/Detail/3910?nodeId=4889\n備除役人員眷', '費（或水費重複繳付），如何辦理退費﹖\n**發布日期**: 2021/11/11 \n複查更正核退水費（或水費重複繳付），若用戶同意由下期水費扣抵，不需辦理任何手續，電腦會自動列帳；如需現金退費，請攜帶身分證、印章及水費收據至用水地址之本公司當地服務（營運）所辦理現場退費。\n來源：https://www.water.gov.tw/ch/Subject/Detail/3731?nodeId=4889\n水費逾期未繳，遲延繳付費計算等規定如何？\n**發布日期**: 2021/11/11 \n本公司收費制度係採「先用水後付費」方式，經抄表核計水費後寄送繳費通知單通知繳費，繳費期限為收費月1-21日，用戶可持繳費單至超商、銀行或本公司服務（營運）所臨櫃繳費，如逾期繳費則依營業章程第33條加收遲延繳付費。\n\n遲延繳付費計收標準為：逾繳費期限7天內繳費者免計遲延繳付費，自逾繳費期限第8天起至第14天繳費者，按應繳水費1％加收遲延繳付費；逾繳費期限第15天起繳費者，按應繳水費2％加收遲延繳付費。但遲延繳付費未滿新台幣5元者，以新台幣5元計。\n\n請參考網頁表格\n來源：https://www.water.gov', 'ect/Detail/3742?nodeId=4889\n水費突增原因及如何申請複查﹖\n**發布日期**: 2021/11/11 \n水費突增可能發生之原因：  \n\n(一)漏水：用戶表後內線用水設備（含水池、水塔、管線、水栓、馬桶等用水設備）漏水。  \n\n(二)水表問題：故障快轉、錯裝。  \n\n(三)抄表問題：抄表員抄錯或用戶自抄錯誤、或連續鎖門採以推定度數之差異。  \n\n(四)水量遭竊用。  \n\n申請複查方式：  \n\n可利用電話、信函、E-mail或親洽當地營運（服務）所申請複查。\n來源：https://www.water.gov.tw/ch/Subject/Detail/3746?nodeId=4889\n用戶水量計申請檢定之處理規定？\n**發布日期**: 2021/11/11 \n用戶認為所裝水量計有失效或不準確時，得申請本公司派員檢視並填具現場勘查紀錄表。若用戶對現場檢視結果仍有疑慮者，得依「糾紛度量衡器鑑定辦法」，向標準檢驗局第七組或各分局提出糾紛鑑定申請；其鑑定結果若合於標準，由用戶負擔鑑定費，若不合標準，由本公司負擔鑑定費；如屬快轉照比例核減水費，如屬慢轉，不予追收。\n來源：ht']",若自動扣繳失敗，可於次月15日前補足存款待18日補扣。或直接使用線上信用卡、行動支付APP、超商多媒體機（如ibon）補單繳費，或至台水營運所繳納。
48c6ada2-cd3b-4a10-8b75-a9815229431f,剛買了二手屋，水費單的名字還是前屋主，要怎麼改成我的名字？,"['徑13mm(毫米)20mm(毫米)25mm(毫米)40mm(毫米)50mm(毫米)復水費460元460元800元800元3,000元\n\n\n\n\n申請停用或停水處分已超過2年而註銷水籍者，如需重新用水，依新設方式辦理。\n來源：https://www.water.gov.tw/ch/Subject/Detail/3709?nodeId=4889\n如何申請停用，空屋不用水可否辦理廢止﹖\n**發布日期**: 2021/11/10 \n（一）停用自來水可以請親洽本公司當地服務（營運）所辦理，並拍攝水表度數於櫃檯先結清水費。\n（二）空屋，倘日後仍須用水，不宜申請廢止，房屋暫不用水可辦理停用。\n來源：https://www.water.gov.tw/ch/Subject/Detail/3708?nodeId=4889\n因房屋租賃糾紛致用水名義人已申辦停用，嗣後承租人要求復用時，如何辦理？\n**發布日期**: 2021/11/10 \n依據本公司73年8月1日台水營字第21292號函：鑑於自來水為生活必需品，出租人與承租人雖發生租賃糾紛，但承租人尚未將租賃之房屋遷讓交還出租人前，仍有權使用該房屋，出租人為迫', '由配水管線流至他處，而污染府上自來水水質。\n2. 馬達直接由自來水配水管中抽水，易使水管內形成負壓而吸入污水。\n3. 供飲用的蓄水池或水塔，因共同接入自來水及其他來源（如地下水）的水，使自來水受到污染。\n4. 蓄水池位置較低，或樓頂之蓄水塔未妥善加蓋，雨水或附近之污水易於流入，使蓄水池（塔）內之自來水受到污染。\n來源：https://www.water.gov.tw/ch/Subject/Detail/3889?nodeId=4889\n防止用戶內線錯接（混接）造成水質污染。\n**發布日期**: 2022/07/20 \n1. 自來水用戶將自來水管與井水管線接用混用或擅自將其他管線與自來水管線相連接，如造成自來水被污染，屬違反自來水法。\n2. 台水公司為避免用戶內線發生錯（混）接，除於受理新裝落實內線檢查外，並請台灣區水管工程工業同業公會督促所屬會員不要承接自來水與非自來水系統錯（混）接業務，籲請用戶亦能予以配合。\n來源：https://www.water.gov.tw/ch/Subject/Detail/3888?nodeId=4889\n如何查詢水費是否已繳？\n**發布日期**: 202', '期付款者，以工程款為限，其餘費用應於申請新裝工程時一次繳納。（三）分期付款以2個月為一期，期限最長為3年。 (四)申請人申請分期付款時，應填申請書與保證書，並出具已設籍之相關證明文件。（保證人須為本公司用水名義人，且為其申請用水建築物之所有權人；如用水名義人與建築物所有人不一致時，應由用水名義人及房屋所有人共同具保，保證人之用水地址須與申請人申裝地址在同一之區管理處）。\n來源：https://www.water.gov.tw/ch/Subject/Detail/3725?nodeId=4889\n停用、停水處分及新裝逾2年未啟用註銷水籍者，如何接水？\n**發布日期**: 2021/11/10 \n（1）凡停用（停水處分）或新裝完工逾二年未啟用，經註銷水籍及申請廢止者，如再辦理申請接水時，無論執行斷管與否，均應按新裝手續辦理申請並依統一收費標準收費。\n\n（2）對於用戶申請用水設備改裝者，除申請表位不當改善者，免收服務費外，其餘不論其內線變動與否，一律收服務費500元，工程費按實際設計工程費收取（按統一收費標準核算）。\n來源：https://www.water.gov.tw/ch/Subjec']",需辦理「過戶」。請攜帶近期水費單、身分證、印章及產權證明（如建物所有權狀），至當地服務所辦理；若無欠費，也可透過網路或郵寄傳真申請。
fb439db2-eeb0-48bd-a3b1-09fcdeb0421d,房子要空著半年沒人住，不想一直繳基本費，可以先暫停供水嗎？,"['由配水管線流至他處，而污染府上自來水水質。\n2. 馬達直接由自來水配水管中抽水，易使水管內形成負壓而吸入污水。\n3. 供飲用的蓄水池或水塔，因共同接入自來水及其他來源（如地下水）的水，使自來水受到污染。\n4. 蓄水池位置較低，或樓頂之蓄水塔未妥善加蓋，雨水或附近之污水易於流入，使蓄水池（塔）內之自來水受到污染。\n來源：https://www.water.gov.tw/ch/Subject/Detail/3889?nodeId=4889\n防止用戶內線錯接（混接）造成水質污染。\n**發布日期**: 2022/07/20 \n1. 自來水用戶將自來水管與井水管線接用混用或擅自將其他管線與自來水管線相連接，如造成自來水被污染，屬違反自來水法。\n2. 台水公司為避免用戶內線發生錯（混）接，除於受理新裝落實內線檢查外，並請台灣區水管工程工業同業公會督促所屬會員不要承接自來水與非自來水系統錯（混）接業務，籲請用戶亦能予以配合。\n來源：https://www.water.gov.tw/ch/Subject/Detail/3888?nodeId=4889\n如何查詢水費是否已繳？\n**發布日期**: 202', '徑13mm(毫米)20mm(毫米)25mm(毫米)40mm(毫米)50mm(毫米)復水費460元460元800元800元3,000元\n\n\n\n\n申請停用或停水處分已超過2年而註銷水籍者，如需重新用水，依新設方式辦理。\n來源：https://www.water.gov.tw/ch/Subject/Detail/3709?nodeId=4889\n如何申請停用，空屋不用水可否辦理廢止﹖\n**發布日期**: 2021/11/10 \n（一）停用自來水可以請親洽本公司當地服務（營運）所辦理，並拍攝水表度數於櫃檯先結清水費。\n（二）空屋，倘日後仍須用水，不宜申請廢止，房屋暫不用水可辦理停用。\n來源：https://www.water.gov.tw/ch/Subject/Detail/3708?nodeId=4889\n因房屋租賃糾紛致用水名義人已申辦停用，嗣後承租人要求復用時，如何辦理？\n**發布日期**: 2021/11/10 \n依據本公司73年8月1日台水營字第21292號函：鑑於自來水為生活必需品，出租人與承租人雖發生租賃糾紛，但承租人尚未將租賃之房屋遷讓交還出租人前，仍有權使用該房屋，出租人為迫', '**: 2023/07/12 \n(一)政府核定有案之公私營市場固定攤位營業者，憑使用執照辦理。 (二)政府核准有案之空地集中營業攤販，憑攤販許可證辦理。 (三)臨道路之騎樓地營業攤販，憑攤販許可證及騎樓所有人同意書辦理。 (四)路邊（慢車道）無搭蓋固定棚亭夜間或全日營業攤販，每隔30公尺以上憑攤販許可證辦理臨時用水，惟水量計及水栓不得 設於有礙交通之處所。 (五)非農地空地或路邊（包括公路）零星搭蓋固定棚亭營業攤販，憑攤販許可證辦理臨時用水。 (六)無固定處所流動攤販一律不予受理。 (七)以上（二）（三）（四）（五）點申請接水須申請人出具將來解除設攤時，同意無條件停止供水之承諾書。\n來源：https://www.water.gov.tw/ch/Subject/Detail/3715?nodeId=4889\n申請電子帳單有何優惠措施嗎?\n**發布日期**: 2022/12/30 \n為響應環保政策，營造無紙化環境，本公司推行e帳單水費減收措施，於114年12月31日前申辦(含已申辦)電子帳單不寄紙本帳單者，每期水費給於減收水費5元之優惠，並於當期或下期應繳費中抵扣該項金額。\n來源：http']",可以申請「停用」。請至當地服務所辦理，並結清當期水費。若長期不用水建議辦理停用，以免需持續繳交基本費。若超過兩年未復水，水籍會被註銷。
4fa9f6ae-b41f-482d-9b31-7db6915dc6b2,水的硬度太高會有茶垢，法規標準是多少才算合格？,"['Id=4889\n請問至家庭或由水廠送出之自來水溶氧濃度平均放範圍為何 ?\n**發布日期**: 2022/07/21 \n一般而言溶氧含量主要係追蹤水污染狀況之指標之一，清淨的河流的水質溶氧量可接近飽和溶氧量，水溫影響溶氧高低，溫度愈高溶氧量愈低，一般而言淨水處理後自來水溶氧量均較污染之水高，目前自來水之飲用水水質標準，未規範檢測水之溶氧濃度項目。\n來源：https://www.water.gov.tw/ch/Subject/Detail/3821?nodeId=4889\n煮完水後發現水中竟然有懸浮物像雪花一樣飄在表面是不是水質的問題?\n**發布日期**: 2022/07/21 \n1. 水煮沸後水中有懸浮物，是懸浮之細小碳酸鈣，一般水中溶解的鈣離子和鎂離子以碳酸鈣表示即所稱硬度，水中硬度可分為暫時硬度與永久硬度，暫時硬度是指以氫碳酸鹽方式存在者。\n2. 當它被加熱煮沸時會變成碳酸鈣白色固體而從水中析出，較細小之碳酸鈣不會沉澱，懸浮於水中，一般地下水常含有氫碳酸鈣，當被煮沸時會變成碳酸鈣（即俗稱的鍋垢），根據國內外文獻資料，它的存在於自來水中的濃度對人體健康並無影響。\n3. 我國「飲用水水質', '是5.0毫克／公升；鋅非屬影響健康物質，量高使水產生白濁物（氫氧化鋅）而影響觀感。\n2. 自來水含鋅多來自鍍鋅銅管的溶出，台水公司所供應之自來水會透過嚴格的檢驗管理來為用戶把關，民眾可安心飲用。\n來源：https://www.water.gov.tw/ch/Subject/Detail/3839?nodeId=4889\n何謂硬度？自來水硬度的含量依「飲用水水質標準」規定為多少？\n**發布日期**: 2022/07/21 \n1. 水中溶解的鈣離子和鎂離子以碳酸鈣表示即被稱為硬度，水中硬度可分為暫時硬度與永久硬度，暫時硬度是指以氫碳酸鹽方式存在者，當它被加熱煮沸時會變成碳酸鈣白色固體而從水中析出，永久硬度則是以非氫碳酸鹽方式存在於水中者（如硫酸鈣、氯化鈣、硫酸鎂、氯化鎂等），加熱並不會析出，一般地下水常含有氫碳酸鈣硬度，當被煮沸時會變成碳酸鈣（即俗稱的鍋垢）。\n2. 我國「飲用水水質標準」總硬度(以CaCO3計)的最大限值是300毫克／公升，因天然災害需分區供水者，於天然災害應變期間，供水區域飲用水水質標準總硬度最大限值為400毫克/公升。有些地區的用戶抱怨他們的自來水煮沸會產生鍋垢而質疑', '1. 您或許遇到過淨水器推銷員拿著一種簡單的電解器放入自來水中，經通電後，自來水開始產生黃褐色固體，當這種固體愈來愈多時，自來水就變成紅褐色渾濁狀，再藉由這種現象批評自來水水質不佳以利其推銷淨水器。\n2. 事實上，這是利用一般大眾對電解現象不了解來達到推銷之目的，因為自來水含有一些電解質（鈉、鈣、鎂等離子），具有導電性，而淨水器推銷員所使用的電解器常利用鐵棒作為陽極，鋁棒作為陰極，當電解器被放入自來水中並通電後，陽極的鐵棒會因電流作用釋放出鐵離子，鐵離子會立即和水反應變成黃（紅）褐色的氫氧化鐵渾濁物，如將電解器的陽極改換成鋁棒，則會釋放出鋁離子，再與水反應變成乳白色的氫氧化鋁渾濁物。\n3. 由此可見，電解所產生的渾濁現象並非來自自來水的水質，而是來自電解器陽極所用的材質，請勿受到這種不實的電解實驗誤導。\n來源：https://www.water.gov.tw/ch/Subject/Detail/3882?nodeId=4889\n自來水煮沸後，有時表面有一層白色漂浮物或有白色鍋垢，會不會影響人體健康？\n**發布日期**: 2022/07/21 \n1. 白色漂浮物或稱鍋垢是水中碳酸氫鹽（俗']",依據我國「飲用水水質標準」，總硬度（以CaCO3計）的最大限值是 300 毫克/公升（天然災害應變期間可放寬至 400 毫克/公升）。
3c89736f-d809-441e-ab22-aacf7ac323dd,發現鄰居好像私接水管偷水，我要去哪裡檢舉？會保密嗎？,"['\n裝置於用戶之水表，經檢驗合格後在表蓋或者前後加以鉛封印，謂之鉛封，意在防止擅動水表。\n來源：https://www.water.gov.tw/ch/Subject/Detail/3782?nodeId=4889\n什麼是竊水？如何檢舉？\n**發布日期**: 2021/11/11 \n(一)竊水就是以不正當方式用水，並規避計量及繳付水費。依自來水法及本公司營業章程規定，竊水行為如下： 1.未經本公司許可，在本公司自來水供水管線上取水者。 2.繞越所裝水表私接水管者。 3.毀損或改變水表之構造或用其他方法致水表失效或不準確者。 4.故意損壞或偽造水表封印或止水栓封印者。 5.未經本公司許可，擅自開啟公用消防栓取用自來水者，但因消防需要而開啟不在此限。\n\n\n (二)前項竊水行為除依規定繳納追償水費外，尚得處 5年以下有期徒刑，拘役或五百元以下之罰金。\n\n\n (三)發現竊水，請向本公司各單位檢舉。本公司對檢舉人之姓名、住址絕對負責保密。檢舉案件一經查獲，於追償水費收入後，按追償水費規定發給檢舉人獎金。\n來源：https://www.water.gov.tw/ch/Subject/Detail/3', '源：https://www.water.gov.tw/ch/Subject/Detail/3803?nodeId=4889\n請問那邊可以申請檢驗家中的自來水質呢？\n**發布日期**: 2022/07/20 \n1. 若是對台水公司直接供應之自來水(通過水錶但未經過家中水池、水塔)水質有疑問，可直撥1910或洽您所在地台水公司服務所或營運所，台水公司會儘速協助釐清與處理。\n2. 若是間接供應之自來水(經過水塔)或其他地下水...等，可洽各縣市環保局或行政院環境保護署認證通過之代檢驗業者自費檢驗（請上網搜尋：環境檢驗測定機構查詢）。\n來源：https://www.water.gov.tw/ch/Subject/Detail/3800?nodeId=4889\n想了解家中水質,與餘氯的狀況,不知是否可以索取氯氣測試液?\n**發布日期**: 2022/07/20 \n有關索取氯氣測試液，由於測試液成份具致癌風險，由專業人員使用為宜，目前台水公司已停止使用液體試劑，改用粉末藥包，惟兩者皆不提供一般民眾索取（台水公司亦是外購而來），如欲查詢所在地區水質資訊，可連結至台水公司全球資訊網，點選「用水宣導」→', ')7995678轉2244、2245、2289。辦公時間：周一至周五(8：00~17：00，休息時間:12：00~13：30)。高雄市用戶亦可至高雄市污水下水道使用費便民服務網站查詢※宜蘭縣政府下水道科：（03）9251000轉8055※台南市政府水利局：（06）2986672轉7687、7671※新北市政府水利局：0800-230-001新北市用戶亦可點此查詢：新北市用戶污水接管查詢※南投縣政府工務處下水道科：(049)2222106轉1511、1512\n\n\n\n二、可查看水費帳單或繳費憑證內是否有「污水下水道使用費」費用，或撥打本公司客服專線1910洽詢，或至本公司網站/網路e櫃台/水費查詢：輸入水號與帳單用戶名稱查詢。\n來源：https://www.water.gov.tw/ch/Subject/Detail/3898?nodeId=4889\n如何判斷家中的自來水水質有無問題？\n**發布日期**: 2022/07/21 \n藉由自來水的外觀、氣味和嚐味來判斷自來水水質，正常的自來水外觀為澄清無色，聞起來沒有氣味（或些微消毒水味是正常現象），喝起來也沒有異味（或些微消毒水味是正常現象）']",可以向台水公司各單位檢舉。台水對檢舉人的姓名身分絕對保密。若查獲屬實並追償水費後，檢舉人還可獲得獎金。
1566ca58-b6ce-42b7-9051-752e006e2305,我是職業軍人的太太，家裡的水費有打折嗎？需要準備什麼文件？,"['有現役軍人眷屬身分證之現役軍人家屬住宅飲用水為範圍。\n2. 依上開同法第3條：所稱現役軍人家屬，其範圍如下：\n(1) 配偶。\n(2) 直系血親。\n(3) 其他依法現受其扶養而共同生活之人。\n3. 依上開同法第8條：軍人遺族持有撫卹令或撫卹金分領證書者，在領卹期間，其住宅使用自來水，得憑撫卹令或撫卹金分領證書及戶口名簿準用現役軍人家屬優待付費。\n4. 依上開同法第9條：軍人因傷障持有撫卹令者，在領卹期間，其住宅使用自來水，得憑撫卹令及戶口名簿準用現役軍人家屬優待付費。\n(二)符合上述優待用水範圍者，申請時所需具備之證件及注意事項：\n1. 現役軍人眷屬：現役軍人眷屬身分證。\n2. 軍人撫卹遺族：\n(1)軍人遺族：撫卹令或撫卹金分領證書。\n(2)軍人傷障：撫卹令。\n3. 以上均需檢附「戶口名簿」，且「優待地址」為「戶籍地址」。\n來源：https://www.water.gov.tw/ch/Subject/Detail/3902?nodeId=4889\n飲食攤販如何申請裝設自來水？\n**發布日期**: 2023/07/12 \n(一)政府核定有案之公私營市場固定攤位營業者，憑使用執照辦理。 (二', '**: 2023/07/12 \n(一)政府核定有案之公私營市場固定攤位營業者，憑使用執照辦理。 (二)政府核准有案之空地集中營業攤販，憑攤販許可證辦理。 (三)臨道路之騎樓地營業攤販，憑攤販許可證及騎樓所有人同意書辦理。 (四)路邊（慢車道）無搭蓋固定棚亭夜間或全日營業攤販，每隔30公尺以上憑攤販許可證辦理臨時用水，惟水量計及水栓不得 設於有礙交通之處所。 (五)非農地空地或路邊（包括公路）零星搭蓋固定棚亭營業攤販，憑攤販許可證辦理臨時用水。 (六)無固定處所流動攤販一律不予受理。 (七)以上（二）（三）（四）（五）點申請接水須申請人出具將來解除設攤時，同意無條件停止供水之承諾書。\n來源：https://www.water.gov.tw/ch/Subject/Detail/3715?nodeId=4889\n申請電子帳單有何優惠措施嗎?\n**發布日期**: 2022/12/30 \n為響應環保政策，營造無紙化環境，本公司推行e帳單水費減收措施，於114年12月31日前申辦(含已申辦)電子帳單不寄紙本帳單者，每期水費給於減收水費5元之優惠，並於當期或下期應繳費中抵扣該項金額。\n來源：http', '，可檢具： 1. 免予申領建築執照之許可證明。 2. 檢附用水設備內線圖（含位置圖、內線部分僅繪表位至受水池）申請接水。\n來源：https://www.water.gov.tw/ch/Subject/Detail/3713?nodeId=4889\n如何申請自來水裝置證明？\n**發布日期**: 2021/11/10 \n可以電話、傳真、郵寄、E-mail、網路申辦或親洽本公司當地服務（營運）所申請自來水裝置証明。 備註：用戶積欠水費尚未付清者，本公司未便發給裝置證明。\n來源：https://www.water.gov.tw/ch/Subject/Detail/3707?nodeId=4889\n申請復水之手續及應繳付那些費用？\n**發布日期**: 2021/11/10 \n（一）屬用戶申請停用者，復水時需繳交：停水前未足期水費及復水費。\n\n（二）屬欠費停水處分，復水時須繳交：舊欠各費、停水期間之二分之一基本費及復水費。\n\n（三）復水費按口徑大小分別計算：\n\n復水費按口徑大小分別計算費用\n水量計口徑13mm(毫米)20mm(毫米)25mm(毫米)40mm(毫米)50mm(毫米)復水費460元46']",現役軍人眷屬享有用水優待。申請時需備妥「現役軍人眷屬身分證」及「戶口名簿」（優待地址需為戶籍地），至台水服務所辦理。配偶及直系血親皆在適用範圍。
324978a9-3eb5-4c1a-9c1a-7b1a6b2d2ab1,颱風天過後水很濁，這時候的氯含量標準會不一樣嗎？,"['7/21 \n1. 我國「飲用水水質標準」銅的最大限值是1.0毫克／公升；銅非屬影響健康物質，如果含銅量高於此標準，將使水產生青白色濁物（氫氧化銅），飲用者會因而感到懷疑而不敢飲用。\n2. 台水公司所供應之自來水會透過嚴格的檢驗管理來為用戶把關，民眾可安心飲用。\n來源：https://www.water.gov.tw/ch/Subject/Detail/3838?nodeId=4889\n自來水有效餘氯的含量依「飲用水水質標準」規定為多少？\n**發布日期**: 2022/07/21 \n1. 我國「飲用水水質標準」之自由有效餘氣的含量是0.2~1.0毫克／公升，當公共給水因暴雨或其他天然災害致飲用水水源濁度超過1500NTU時，其飲用水水質自由有效餘氯（僅限加氯消毒之供水系統）得適用水質標準-自由有效餘氯限制範圍0.2~3.0毫克／公升(因天然災害需分區供水者，於天然災害應變期間，供水區域飲用水水質標準亦同樣適用)。\n2. 為了飲用水安全衛生，適量的有效餘氯在配水管中可預防細菌（病原菌）的滋生。基於經濟因素和飲水觀感，台水公司儘可能地保持自由有效餘氣在較低且合格的濃度範圍，台水公司所供應之自', 'Id=4889\n請問至家庭或由水廠送出之自來水溶氧濃度平均放範圍為何 ?\n**發布日期**: 2022/07/21 \n一般而言溶氧含量主要係追蹤水污染狀況之指標之一，清淨的河流的水質溶氧量可接近飽和溶氧量，水溫影響溶氧高低，溫度愈高溶氧量愈低，一般而言淨水處理後自來水溶氧量均較污染之水高，目前自來水之飲用水水質標準，未規範檢測水之溶氧濃度項目。\n來源：https://www.water.gov.tw/ch/Subject/Detail/3821?nodeId=4889\n煮完水後發現水中竟然有懸浮物像雪花一樣飄在表面是不是水質的問題?\n**發布日期**: 2022/07/21 \n1. 水煮沸後水中有懸浮物，是懸浮之細小碳酸鈣，一般水中溶解的鈣離子和鎂離子以碳酸鈣表示即所稱硬度，水中硬度可分為暫時硬度與永久硬度，暫時硬度是指以氫碳酸鹽方式存在者。\n2. 當它被加熱煮沸時會變成碳酸鈣白色固體而從水中析出，較細小之碳酸鈣不會沉澱，懸浮於水中，一般地下水常含有氫碳酸鈣，當被煮沸時會變成碳酸鈣（即俗稱的鍋垢），根據國內外文獻資料，它的存在於自來水中的濃度對人體健康並無影響。\n3. 我國「飲用水水質', '1. 我國「飲用水水質標準」的色度最大限值是5鉑鈷單位，因天然災害需分區供水者，於天然災害應變期間，供水區域飲用水水質標準色度最大限值為10鉑鈷單位。\n2. 當水中含有色物質時，肉眼即可看出顏色，而顏色的深淺即是色度。一般而言原水常含有腐植質，所造成的顏色多為黃褐色，這種顏色與鉑鈷溶液的色系相同，故其單位以鉑鈷單位表示，色度雖然非影響健康指標，但基於外觀影響印象不佳，飲用者易感到懷疑。\n3. 台水公司所供應之自來水會透過嚴格的檢驗管理來為用戶把關，民眾可安心飲用。\n來源：https://www.water.gov.tw/ch/Subject/Detail/3857?nodeId=4889\n自來水的硒含量依「飲用水水質標準」規定為多少？\n**發布日期**: 2022/07/21 \n1. 我國「飲用水水質標準」之硒的最大限值是0.01毫克／公升；硒屬於影響健康物質，存在於自來水水源中大多來自礦山排水或工廠廢水。\n2. 台水公司所供應之自來水會透過嚴格的檢驗管理來為用戶把關，民眾可安心飲用。\n來源：https://www.water.gov.tw/ch/Subject/Detail/3854']",是的。一般狀況自由有效餘氯標準為 0.2~1.0 毫克/公升；但在天然災害（如颱風）導致水源濁度高或需分區供水時，標準可放寬至 0.2~3.0 毫克/公升，以確保消毒效果。
f9c09316-5cd0-45f2-9ecb-8beecadd1100,門口的水表被人偷走了，我要賠錢嗎？還是只要報警就好？,"['\n裝置於用戶之水表，經檢驗合格後在表蓋或者前後加以鉛封印，謂之鉛封，意在防止擅動水表。\n來源：https://www.water.gov.tw/ch/Subject/Detail/3782?nodeId=4889\n什麼是竊水？如何檢舉？\n**發布日期**: 2021/11/11 \n(一)竊水就是以不正當方式用水，並規避計量及繳付水費。依自來水法及本公司營業章程規定，竊水行為如下： 1.未經本公司許可，在本公司自來水供水管線上取水者。 2.繞越所裝水表私接水管者。 3.毀損或改變水表之構造或用其他方法致水表失效或不準確者。 4.故意損壞或偽造水表封印或止水栓封印者。 5.未經本公司許可，擅自開啟公用消防栓取用自來水者，但因消防需要而開啟不在此限。\n\n\n (二)前項竊水行為除依規定繳納追償水費外，尚得處 5年以下有期徒刑，拘役或五百元以下之罰金。\n\n\n (三)發現竊水，請向本公司各單位檢舉。本公司對檢舉人之姓名、住址絕對負責保密。檢舉案件一經查獲，於追償水費收入後，按追償水費規定發給檢舉人獎金。\n來源：https://www.water.gov.tw/ch/Subject/Detail/3', 'ect/Detail/3742?nodeId=4889\n水費突增原因及如何申請複查﹖\n**發布日期**: 2021/11/11 \n水費突增可能發生之原因：  \n\n(一)漏水：用戶表後內線用水設備（含水池、水塔、管線、水栓、馬桶等用水設備）漏水。  \n\n(二)水表問題：故障快轉、錯裝。  \n\n(三)抄表問題：抄表員抄錯或用戶自抄錯誤、或連續鎖門採以推定度數之差異。  \n\n(四)水量遭竊用。  \n\n申請複查方式：  \n\n可利用電話、信函、E-mail或親洽當地營運（服務）所申請複查。\n來源：https://www.water.gov.tw/ch/Subject/Detail/3746?nodeId=4889\n用戶水量計申請檢定之處理規定？\n**發布日期**: 2021/11/11 \n用戶認為所裝水量計有失效或不準確時，得申請本公司派員檢視並填具現場勘查紀錄表。若用戶對現場檢視結果仍有疑慮者，得依「糾紛度量衡器鑑定辦法」，向標準檢驗局第七組或各分局提出糾紛鑑定申請；其鑑定結果若合於標準，由用戶負擔鑑定費，若不合標準，由本公司負擔鑑定費；如屬快轉照比例核減水費，如屬慢轉，不予追收。\n來源：ht', '費，逾二期未繳須到本公司服務所繳費。 2.以6月份水費為例，繳費期限為6月21日，超過繳費期限，即6月22日至7月21日前仍可至超商等代收單位繳費，遲延繳付費於下期補收。超過7月22日仍未繳費，為加強便民服務，本公司會將6月及8月份二期水費合併，於7月底郵寄二期催繳通知單，用戶可持單於一定繳費期限內至超商等代收機構臨櫃繳費。 3.於8月13日前倘未收到二期催繳通知單，如未停止供水拆表前，用戶如有繳費需求，可先與用水地址當地之服務、營運所聯繫，以現金袋或郵政匯票掛號郵寄或匯款繳費。\n來源：https://www.water.gov.tw/ch/Subject/Detail/3730?nodeId=4889\n中間結帳所需攜帶資料?\n**發布日期**: 2021/11/11 \n1.當月或上月份水費收據\n\n\n2.自抄指針數：用戶請自行抄錄指針數（可來電洽詢表號），亦可以相機、手機拍攝水表指針數後，供本公司判讀數據。\n\n\n備註\n\n\n1.已抄表開單途中者，已結清之下期水費請勿繳；當期內無法受理連續中間結帳。\n\n\n2.中午休息時間暫停受理跨區所中間結帳。\n來源：https://www.water.g']",如果水表失竊，應先向警方報案取得報案紀錄，並向台水當地服務所申請重新裝表，這樣就不需要賠償水表費用；若僅是遺失無法提出報案紀錄，則需依規定賠償水表金額。
d6f693c2-72ef-4343-825b-91b97f12e77c,用手機掃QR Code刷卡繳水費，銀行會多收手續費嗎？,"['.gov.tw/ch/Subject/Detail/3905?nodeId=4889\n如何辦理委託金融機構或郵局代繳水費手續？\n**發布日期**: 2022/01/12 \n一、請用戶攜帶近期水費單據、身分證及開戶印章、存摺或信用卡，向已開戶之郵局、金融機構或本公司當地服務（營運）所辦理委託代繳。\n二、因本公司係代收申請書後轉寄予各金融機構受理，無法檢驗存簿印鑑章(或簽名)是否正確，倘急需辦理請直接向郵局或金融機構申辦。\n三、本公司僅可代收部分信用卡代繳委託書(詳本公司代繳委託書背面說明)，其餘須由持卡人直接向發卡銀行申辦。\n來源：https://www.water.gov.tw/ch/Subject/Detail/3738?nodeId=4889\n未收到水費通知單，怎麼辦？\n**發布日期**: 2022/01/12 \n一、請用戶直接到本公司當地服務、營運所繳費，或於代收期限內在統一、全家、OK、萊爾富超商之多媒體機(ibon等)輸入水號，查詢並列印繳費單，持單至超商櫃台繳費。\n二、街口支付、Pi拍錢包、LINE\nPay...等行動支付APP可直接輸入水號繳納水費。三、可於本網站首頁，點', 'ps://www.water.gov.tw/ch/Subject/Detail/3740?nodeId=4889\n掃描水費帳單的QR Code，使用信用卡繳費，須支付信用卡手續費嗎?\n**發布日期**: 2021/11/11 \n用戶於國內網路交易均免支付刷信用卡之手續費。\n來源：https://www.water.gov.tw/ch/Subject/Detail/3906?nodeId=4889\n建築物之受水池及消防用水相關規定\n**發布日期**: 2021/11/11 \n自來水水壓不足供應建築物衛生設備用水需要時，設置加壓設備：\n\n(一)用戶裝設之抽水機，應自受水池抽水，不得由水管直接抽水，受水池之容量為設計用水量十分之二以上。\n\n(二)蓄水池與水塔容量合計應為設計用水量十分之四以上至二日用水量以下。住宅類之一般供水區應為1.0日設計用水量，供水條件特殊或停復水較困難等地區，採個別訂定基準值（如附件）。\n\n(三)受水池及水塔不得用有礙水質之材料建造，頂蓋及人孔必須嚴密（頂蓋為不鏽鋼材質），通氣口應加設防蟲網。水塔應設溢流管，管口應加設防蟲網。\n\n(四)水塔底應設清洗用之洩水管及止水閥', 'M」亦提供此項繳水費服務。\n部份彰化銀行ATM未提供此項繳水費服務，詳情請洽彰銀客服專線：(02)412-2222。\n\n因前已寄水費通知單爰不再寄繳費憑證)\n來源：https://www.water.gov.tw/ch/Contents?nodeId=760\n如何使用郵寄繳費?\n**發布日期**: 2025/01/23 \n用戶以現金、即期支票或郵政匯票並註明水號、連絡方式後以掛號郵寄至用水當地之本公司服務、營運所繳交水費，本公司於核銷後另寄繳費憑證。\n來源：https://www.water.gov.tw/ch/Contents?nodeId=760\n繳費方式 - 來所繳費\n**發布日期**: 2025/01/23 \n用戶可就近至本公司各服務、營運所繳交水費。\n來源：https://www.water.gov.tw/ch/Contents?nodeId=760\n如何使用超商多媒體事務機補單繳費?\n**發布日期**: 2025/01/23 \n用戶忘記帶帳單，可在統一超商ibon、OK(來來)超商OK．go、全家超商FamiPort或萊爾富超商Life-ET輸入水號，查詢並列印繳費單，持單']",不需要。用戶於國內透過網路或行動支付APP刷卡繳交水費，均免支付信用卡手續費。
b11933ce-5b14-4d47-9c0f-89f36321922b,我不想要用台水App了，要怎麼把我的個資和帳號全部刪掉？,"['有二管道可以執行： \n1、網路ｅ櫃台／E帳單申辦／電子帳單/輸入帳號與密碼/登入成功後，至左側服務項目/新增電子帳單，輸入水號與用戶名稱/點選確認申請，系統將會寄送「訂閱電子帳單通知」至您的郵件信箱，即完成新增電子帳單。 \n2、電子帳單/輸入帳號與密碼/登入成功後，至左側服務項目/新增電子帳單，輸入水號與用戶名稱/點選確認申請，系統將會寄送「訂閱電子帳單通知」至您的郵件信箱，即完成新增電子帳單。\n來源：https://www.water.gov.tw/ch/Subject/Detail/3704?nodeId=4889\n如何取消已申請之水號？\n**發布日期**: 2021/11/11 \n在本公司全球資訊網，有二管道可以執行： \n1、網路ｅ櫃台／線上申辦／電子帳單申請/輸入帳號與密碼/登入成功後，至左側服務項目/修改或取消電子帳單，點選「取消申請」，系統將會寄送「水號訂閱取消通知」至您的郵件信箱，即完成取消電子帳單。 \n2、電子帳單/輸入帳號與密碼/登入成功後，至左側服務項目/修改或取消電子帳單，點選「取消申請」，系統將會寄送「水號訂閱取消通知」至您的郵件信箱，即完成取消電子帳單。\n來源', '出租人與承租人雖發生租賃糾紛，但承租人尚未將租賃之房屋遷讓交還出租人前，仍有權使用該房屋，出租人為迫使承租人遷出，聲請廢止用水，自屬不合法，承租人要求復用，本公司應准其復用。\n來源：https://www.water.gov.tw/ch/Subject/Detail/3710?nodeId=4889\n排除Outlook收信顯示亂碼相關設定\n**發布日期**: 2021/11/10 \n步驟1 於Outlook 主畫面的下拉式選單中點選「工具」中的「選項」。 \n步驟2 請點選「郵件格式」這個活頁標籤，在「使用這個郵件格式撰寫」中選擇【HTML】 \n藍色部份不用打勾(若你的預設值是有打勾的，也請拿掉)。 \n步驟3 點選在下方的「國際選項」，編碼選項中，想使用的外寄郵件編碼方式中，選擇 【Unicode UTF-8】。\n來源：https://www.water.gov.tw/ch/Subject/Detail/3696?nodeId=4889\n如何申請過戶(用水名義人變更)？\n**發布日期**: 2021/11/10 \n1. 用戶申請過戶時，應先經前用戶簽章同意，並繳清用水期間應繳各項費用；用', '付、Pi拍錢包、LINE\nPay...等行動支付APP可直接輸入水號繳納水費。三、可於本網站首頁，點選「線上繳費」，選擇「信用卡繳費」或「網路繳費」，線上進行繳費。四、水費單代收期限為次月21日，衡量補寄水費通知單郵寄時程，仍在超商、銀行代收期限內時，可受理用戶補單申請，自當月5日起至次月15日截止受理。例如：2月份帳單代收期限為3月21日，補單受理至3月15日止。倘有連續數期未收到通知單時，請通知用水當地服務(營運)所協助處理。五、倘前期水費未繳，請就近至本公司各地服務所繳費以免停水。六、二期催繳欠費受限於繳費期限，恕不開放補寄帳單。\n來源：https://www.water.gov.tw/ch/Subject/Detail/3739?nodeId=4889\n如何取消委託金融機構或郵局代繳水費？\n**發布日期**: 2022/01/12 \n一、請用戶攜帶近期水費單據、身分證、開戶印章、存摺或信用卡，向已開戶之郵局或金融機構或本公司用水當地服務（營運）所辦理終止委託代繳即可。二、亦可電洽用水當地服務（營運）所，或於本網站/網路e櫃台/線上申辦，申請取消委託代繳：(1)辦理取消委託代繳，']",依個資法規定，您可請求刪除帳號。若要行使刪除權利，請聯繫台水客服專線 (04)2224-4191 或寄信至 twcmobile@mail.water.gov.tw 申請刪除、停止處理或利用個人資料。
e7df52d6-e3b5-4c35-851b-d1ca69b46de7,頂樓水塔常常沒水，我可以直接在一樓裝馬達抽水上去嗎？,"['池後，再以馬達抽至水塔。\n2. 地下式水池容易遭污水流入污染，請改為地上式水池。水池及水塔需加蓋密封，以避免老鼠、蟑螂、小動物、或爬蟲類掉落水池死亡腐敗而嚴重影響用水衛生。\n3. 水塔或水池的通氣孔應加裝紗網以避免蚊蟲等飛入棲生幼蟲。\n4. 定期清洗水塔或水池，以避免產生藻類及臭味。\n來源：https://www.water.gov.tw/ch/Subject/Detail/3868?nodeId=4889\n家中水族箱有時以自來水換水時，所養的魚無法適應，為什麼？\n**發布日期**: 2022/07/21 \n1. 因為自來水中含有餘氯，某些魚對餘氯非常敏感，用戶可將自來水裝入其他無蓋之容器中靜置一段時間(1至數天)，使水中餘氯逸散消失後再換入水族箱中。\n2. 另外也可以採用活性碳過濾，或添加適量的硫代硫酸鈉（俗稱海波，使用方式請參考「行政院農業委員會水產試驗所」官方網站），亦可去除自來水中餘氯。\n來源：https://www.water.gov.tw/ch/Subject/Detail/3869?nodeId=4889\n自來水水源來自那裡？水源水質如何？\n**發布日期**: 2022/', '），通氣口應加設防蟲網。水塔應設溢流管，管口應加設防蟲網。\n\n(四)水塔底應設清洗用之洩水管及止水閥，設置於建築物內之水池、水塔不得與建築物其他部分兼用，並應可從外部對水池、水塔各面進行維修檢查（間隔45公分以上）。\n\n(五)自來水用水設備標準第十八條：「自來水與非自來水系統應完全分開。」故消防用水依上項規定需與自來水系統完全分開。\n來源：https://www.water.gov.tw/ch/Subject/Detail/3712?nodeId=4889\n公車售票亭及政府修建之公廁申請接水如何辦理？\n**發布日期**: 2021/11/11 \n經縣市政府、鄉鎮市公所出具同意接水函件即可辦理，免予查驗建築物使用執照。\n來源：https://www.water.gov.tw/ch/Subject/Detail/3716?nodeId=4889\n經法院拍賣之房屋，如何申請接水？\n**發布日期**: 2021/11/11 \n凡經法院強制執行拍賣之房屋，承購人得以免繳前用戶所欠水費，並註銷前用戶水籍，承購人得憑法院核發之不動產權利移轉證明書影本 ，以新裝手續申請供水。\n來源：https://w', 'ect/Detail/3742?nodeId=4889\n水費突增原因及如何申請複查﹖\n**發布日期**: 2021/11/11 \n水費突增可能發生之原因：  \n\n(一)漏水：用戶表後內線用水設備（含水池、水塔、管線、水栓、馬桶等用水設備）漏水。  \n\n(二)水表問題：故障快轉、錯裝。  \n\n(三)抄表問題：抄表員抄錯或用戶自抄錯誤、或連續鎖門採以推定度數之差異。  \n\n(四)水量遭竊用。  \n\n申請複查方式：  \n\n可利用電話、信函、E-mail或親洽當地營運（服務）所申請複查。\n來源：https://www.water.gov.tw/ch/Subject/Detail/3746?nodeId=4889\n用戶水量計申請檢定之處理規定？\n**發布日期**: 2021/11/11 \n用戶認為所裝水量計有失效或不準確時，得申請本公司派員檢視並填具現場勘查紀錄表。若用戶對現場檢視結果仍有疑慮者，得依「糾紛度量衡器鑑定辦法」，向標準檢驗局第七組或各分局提出糾紛鑑定申請；其鑑定結果若合於標準，由用戶負擔鑑定費，若不合標準，由本公司負擔鑑定費；如屬快轉照比例核減水費，如屬慢轉，不予追收。\n來源：ht']",不行。依規定抽水馬達不可直接接在自來水供水管上（會造成負壓吸入污水污染管網），必須改為「間接抽水」，即先讓水流入蓄水池後，再用馬達抽送至頂樓水塔。
54ce607f-1cc6-449f-afba-2ba39d830a93,救命，我打開水龍頭流出來是白色的，是不是有毒？,"['Id=4889\n請問至家庭或由水廠送出之自來水溶氧濃度平均放範圍為何 ?\n**發布日期**: 2022/07/21 \n一般而言溶氧含量主要係追蹤水污染狀況之指標之一，清淨的河流的水質溶氧量可接近飽和溶氧量，水溫影響溶氧高低，溫度愈高溶氧量愈低，一般而言淨水處理後自來水溶氧量均較污染之水高，目前自來水之飲用水水質標準，未規範檢測水之溶氧濃度項目。\n來源：https://www.water.gov.tw/ch/Subject/Detail/3821?nodeId=4889\n煮完水後發現水中竟然有懸浮物像雪花一樣飄在表面是不是水質的問題?\n**發布日期**: 2022/07/21 \n1. 水煮沸後水中有懸浮物，是懸浮之細小碳酸鈣，一般水中溶解的鈣離子和鎂離子以碳酸鈣表示即所稱硬度，水中硬度可分為暫時硬度與永久硬度，暫時硬度是指以氫碳酸鹽方式存在者。\n2. 當它被加熱煮沸時會變成碳酸鈣白色固體而從水中析出，較細小之碳酸鈣不會沉澱，懸浮於水中，一般地下水常含有氫碳酸鈣，當被煮沸時會變成碳酸鈣（即俗稱的鍋垢），根據國內外文獻資料，它的存在於自來水中的濃度對人體健康並無影響。\n3. 我國「飲用水水質', '序，輸配水管線中之自來水含有0.2～1.0ppm有效餘氯及保持1.5～4公斤/平方釐米的水壓，供應至用戶屋內還必須經過水錶，在水錶前端設有濾網，因此在供水過程中爬蟲(蠕蟲)或小型動物是無法侵入用戶。\n2. 自來水用戶發現小型動物於水龍頭流出之可能原因為：間接用水之水池、水塔疏於清潔維護，清潔孔未加蓋上鎖，通氣管及溢排管之防蟲網破損，等原因均可能會讓小型動物沿管線或牆壁爬入水池內。\n3. 為維持飲用水安全，自來水用戶應注意居家環境衛生，並定期清洗水池、水塔，經常檢查通氣管及溢排管之防蟲網是否有破損及清潔孔蓋是否蓋好上鎖以避免遭人任意開啟。\n來源：https://www.water.gov.tw/ch/Subject/Detail/3880?nodeId=4889\n飲用水中屬於適飲性礦物相關之總溶解固體量及總硬度標準合宜嗎？\n**發布日期**: 2022/07/21 \n1. 礦物質是人體不可缺的物質，日常生活中我們為了獲得足夠的礦物質必須從蔬果等食物攝取。\n2. 國內醫學研究認為自來水硬度與泌尿結石二者之間無直接關係；另根據醫學研究調查發現水質硬度高心血管疾病發病率低，國外1999年亦有相', '質的問題嗎? 該怎麼辦? 喝到這種蟲會不會影響健康?\n**發布日期**: 2022/07/21 \n1. 所述紅蟲可能是一種搖蚊科昆蟲的幼蟲，搖蚊科屬雙翅目，同屬雙翅目的昆蟲包括家蠅及蚊子，搖蚊在幼蟲及蛹階段均屬水棲性。\n2. 自來水供水過程中爬蟲等小動物是無法侵入供水管線內，且因自來水處理流程皆加氯消毒，供水管線保有自由餘氯會維持自來水送到用戶家中仍保有消毒能力，抑制微生物生長。\n3. 紅蟲可能是經由水溝排水管爬上來，或蓄水塔不乾淨而滋生，建議用戶檢查排水渠避免積水，減少蚊蟲滋生源頭，並定期清洗蓄水塔，蓄水塔應加蓋上鎖。\n4. 台水公司所供應之自來水會透過嚴格的檢驗管理來為用戶把關，此外各地方主管(環保)機關亦不定期抽驗自來水水質，民眾可安心使用。\n來源：https://www.water.gov.tw/ch/Subject/Detail/3825?nodeId=4889\n自自來水煮開後一直都有白色懸浮物,鄰居們說是因為有石灰質，真的可以長期飲用嗎? 長期喝會不會引發結石?\n**發布日期**: 2022/07/21 \n1. 煮沸開水表層有白色漂浮物乃正常現象，其係因存在於液面之硬度物質']",這通常是「白濁」現象，並非有毒。這是因為管線內空氣與水混合產生大量微小氣泡，看起來像牛奶。靜置幾秒鐘氣泡消失後就會變清澈，與水質無關，請安心使用。
c6a9f4b4-e22c-4d52-846d-85ee2ec03c65,我要搬家了，那個水費要怎麼處理才不會繼續算我的錢？,"['決算為基礎計算，原擬自70年8月份起實施，水費分6段，投資報酬率訂為7％，平均單位水價為6.91元；經奉核定6.6元，分6段計價，自71年元月份起實施。\n\n4.第4次調整\n\n民國79年2月擬定，依78年度決算為基礎計算，原擬自79年7月份起實施，為避免浪費用水及鼓勵節約用水，將原採累退計費之第五、六段併入第四段計價，投資報酬率訂為7％，平均單位水價為9.17元/立方公尺。經奉核定分2階段實施，第1階段調整將用戶數最多之20公厘口徑水表用戶，每月基本度由20度調低為16度，平均單價8.25元/立方公尺，並自80年8月份起實施；第2階段調整將20公厘口徑水表用戶，每月基本度由16度再調低為8度，平均單價9元/立方公尺，原核定自81年7月份起實施，惟未獲省議會同意，延至83年7月份起實施。\n\n5.取消基本度改收基本費\n\n（1）基本費之意義\n\n用戶申請裝用自來水後，本公司必須每天24小時，維持量足、質優之自來水供其隨時使用，換言之，用戶無論是否用水，本公司均需支付基本營運所需之人事費、管線設備維護費、折舊、利息等固定費用，以維持持續供水狀態。基於使用者付費原則，基本營運費用（固定費用）應由用戶', '，可檢具： 1. 免予申領建築執照之許可證明。 2. 檢附用水設備內線圖（含位置圖、內線部分僅繪表位至受水池）申請接水。\n來源：https://www.water.gov.tw/ch/Subject/Detail/3713?nodeId=4889\n如何申請自來水裝置證明？\n**發布日期**: 2021/11/10 \n可以電話、傳真、郵寄、E-mail、網路申辦或親洽本公司當地服務（營運）所申請自來水裝置証明。 備註：用戶積欠水費尚未付清者，本公司未便發給裝置證明。\n來源：https://www.water.gov.tw/ch/Subject/Detail/3707?nodeId=4889\n申請復水之手續及應繳付那些費用？\n**發布日期**: 2021/11/10 \n（一）屬用戶申請停用者，復水時需繳交：停水前未足期水費及復水費。\n\n（二）屬欠費停水處分，復水時須繳交：舊欠各費、停水期間之二分之一基本費及復水費。\n\n（三）復水費按口徑大小分別計算：\n\n復水費按口徑大小分別計算費用\n水量計口徑13mm(毫米)20mm(毫米)25mm(毫米)40mm(毫米)50mm(毫米)復水費460元46', '費，逾二期未繳須到本公司服務所繳費。 2.以6月份水費為例，繳費期限為6月21日，超過繳費期限，即6月22日至7月21日前仍可至超商等代收單位繳費，遲延繳付費於下期補收。超過7月22日仍未繳費，為加強便民服務，本公司會將6月及8月份二期水費合併，於7月底郵寄二期催繳通知單，用戶可持單於一定繳費期限內至超商等代收機構臨櫃繳費。 3.於8月13日前倘未收到二期催繳通知單，如未停止供水拆表前，用戶如有繳費需求，可先與用水地址當地之服務、營運所聯繫，以現金袋或郵政匯票掛號郵寄或匯款繳費。\n來源：https://www.water.gov.tw/ch/Subject/Detail/3730?nodeId=4889\n中間結帳所需攜帶資料?\n**發布日期**: 2021/11/11 \n1.當月或上月份水費收據\n\n\n2.自抄指針數：用戶請自行抄錄指針數（可來電洽詢表號），亦可以相機、手機拍攝水表指針數後，供本公司判讀數據。\n\n\n備註\n\n\n1.已抄表開單途中者，已結清之下期水費請勿繳；當期內無法受理連續中間結帳。\n\n\n2.中午休息時間暫停受理跨區所中間結帳。\n來源：https://www.water.g']",您需要辦理「中間結帳」或「停用」。若有新住戶接手，可辦理過戶；若房屋將空置，建議申請停用。請洽當地服務所或透過網路申請結算水費，以免後續產生爭議。
dbd1ce70-26ca-4f1b-a126-919798faa5fc,我覺得我家水費怪怪的，平常沒用這麼多，是不是你們算錯？,"['ect/Detail/3742?nodeId=4889\n水費突增原因及如何申請複查﹖\n**發布日期**: 2021/11/11 \n水費突增可能發生之原因：  \n\n(一)漏水：用戶表後內線用水設備（含水池、水塔、管線、水栓、馬桶等用水設備）漏水。  \n\n(二)水表問題：故障快轉、錯裝。  \n\n(三)抄表問題：抄表員抄錯或用戶自抄錯誤、或連續鎖門採以推定度數之差異。  \n\n(四)水量遭竊用。  \n\n申請複查方式：  \n\n可利用電話、信函、E-mail或親洽當地營運（服務）所申請複查。\n來源：https://www.water.gov.tw/ch/Subject/Detail/3746?nodeId=4889\n用戶水量計申請檢定之處理規定？\n**發布日期**: 2021/11/11 \n用戶認為所裝水量計有失效或不準確時，得申請本公司派員檢視並填具現場勘查紀錄表。若用戶對現場檢視結果仍有疑慮者，得依「糾紛度量衡器鑑定辦法」，向標準檢驗局第七組或各分局提出糾紛鑑定申請；其鑑定結果若合於標準，由用戶負擔鑑定費，若不合標準，由本公司負擔鑑定費；如屬快轉照比例核減水費，如屬慢轉，不予追收。\n來源：ht', '決算為基礎計算，原擬自70年8月份起實施，水費分6段，投資報酬率訂為7％，平均單位水價為6.91元；經奉核定6.6元，分6段計價，自71年元月份起實施。\n\n4.第4次調整\n\n民國79年2月擬定，依78年度決算為基礎計算，原擬自79年7月份起實施，為避免浪費用水及鼓勵節約用水，將原採累退計費之第五、六段併入第四段計價，投資報酬率訂為7％，平均單位水價為9.17元/立方公尺。經奉核定分2階段實施，第1階段調整將用戶數最多之20公厘口徑水表用戶，每月基本度由20度調低為16度，平均單價8.25元/立方公尺，並自80年8月份起實施；第2階段調整將20公厘口徑水表用戶，每月基本度由16度再調低為8度，平均單價9元/立方公尺，原核定自81年7月份起實施，惟未獲省議會同意，延至83年7月份起實施。\n\n5.取消基本度改收基本費\n\n（1）基本費之意義\n\n用戶申請裝用自來水後，本公司必須每天24小時，維持量足、質優之自來水供其隨時使用，換言之，用戶無論是否用水，本公司均需支付基本營運所需之人事費、管線設備維護費、折舊、利息等固定費用，以維持持續供水狀態。基於使用者付費原則，基本營運費用（固定費用）應由用戶', '元/月）水表口徑（公厘）月基本費（元/月）1317.851505,301.452035.7020010,531.502566.1525018,599.7040196.3530029,184.7550357.0035041,626.2075963.90400以上58,119.601001,909.95\n\n備註：本表內含營業稅。\n\n表2：水費價目表(2)分段水費價目\n\n段\xa0\xa0\xa0別月用水量（立方公尺）單價（元/立方公尺）第一段1-107.350第二段11-309.450第三段31-5011.550第四段51以上12.075\n\n備註：本表內含營業稅、1度水＝1立方公尺。\n來源：https://www.water.gov.tw/ch/Subject/Detail/3768?nodeId=4889\n各國水價比較？\n**發布日期**: 2024/11/15 \n台灣屬缺水地區，然而自來水水價不但不昂貴，而且非常低廉。於國際水協會(IWA)2024年8月網站，查詢2023年世界245個城市「年用 200 度」之家戶平均單位水價，經計算39個國家(或地區)所轄城市之平均值作為該國家(或地區)之「平均單位水']",水費突增常見原因包括：1. 內部管線或馬桶漏水（最常見）。2. 抄表錯誤。3. 水表故障。建議先自行檢查馬桶是否漏水，或關閉所有水龍頭看水表指針是否轉動。若無漏水，可向台水申請複查或驗表。
e78923ed-b6bd-4f03-a58a-f7e22f25559a,我不喜歡那個紙張的單子，很不環保，有沒有別的方式？,"['什麼是「簡訊帳單」？\n**發布日期**: 2022/09/15 \n本公司為響應節能減碳，提供即時帳單通知服務，將現行紙本帳單改以「簡訊」方式發送，點開簡訊所附的帳單連結，並輸入手機號碼及認證碼，完成驗證程序後即可開啟當期帳單。\n來源：https://www.water.gov.tw/ch/Subject/Detail/14398?nodeId=4889\n何時開始實施簡訊帳單服務？\n**發布日期**: 2022/09/15 \n自110年1月起實施，首波開放申請對象為「代繳用戶」，於111年9月起簡訊帳單再升級，開放代收用戶(非代繳用戶)也能申請簡訊帳單。\n註：代繳是指「以存款帳戶或信用卡自動扣繳水費」。\n來源：https://www.water.gov.tw/ch/Subject/Detail/14399?nodeId=4889\n如何申請簡訊帳單？\n**發布日期**: 2023/05/04 \n1.可至本公司網路e櫃台/E帳單申辦/簡訊帳單/申請簡訊帳單，經手機OTP認證後即申請成功，自當期或下期採簡訊帳單，不再寄送紙本帳單，並享每期水費減免5元(優惠期限至114年12月止)。\n\xa0 \xa0\n2', '或下期採簡訊帳單，不再寄送紙本帳單，並享每期水費減免5元(優惠期限至114年12月止)。\n\xa0 \xa0\n2.操作流程如下圖：\n來源：https://www.water.gov.tw/ch/Subject/Detail/14400?nodeId=4889\n如何取消簡訊帳單？\n**發布日期**: 2022/09/15 \n1.可至本公司網路e櫃台/E帳單申辦/簡訊帳單/取消簡訊帳單，經手機OTP認證後即取消成功，自當期或下期改寄送紙本帳單。\n\n2.操作流程如下圖：\n來源：https://www.water.gov.tw/ch/Subject/Detail/14402?nodeId=4889\n簡訊帳單服務有哪些功能？\n**發布日期**: 2022/09/15 \n1.代收帳單通知 (提供線上信用卡繳費、超商繳費、行動支付繳費)\n1.代繳扣帳成功通知\n2.代繳扣帳不成功通知 (提供線上信用卡繳費、行動支付繳費)\n來源：https://www.water.gov.tw/ch/Subject/Detail/14403?nodeId=4889\n簡訊帳單服務通知的內容是什麼？\n**發布日期**: 2022/09', '有二管道可以執行： \n1、網路ｅ櫃台／E帳單申辦／電子帳單/輸入帳號與密碼/登入成功後，至左側服務項目/新增電子帳單，輸入水號與用戶名稱/點選確認申請，系統將會寄送「訂閱電子帳單通知」至您的郵件信箱，即完成新增電子帳單。 \n2、電子帳單/輸入帳號與密碼/登入成功後，至左側服務項目/新增電子帳單，輸入水號與用戶名稱/點選確認申請，系統將會寄送「訂閱電子帳單通知」至您的郵件信箱，即完成新增電子帳單。\n來源：https://www.water.gov.tw/ch/Subject/Detail/3704?nodeId=4889\n如何取消已申請之水號？\n**發布日期**: 2021/11/11 \n在本公司全球資訊網，有二管道可以執行： \n1、網路ｅ櫃台／線上申辦／電子帳單申請/輸入帳號與密碼/登入成功後，至左側服務項目/修改或取消電子帳單，點選「取消申請」，系統將會寄送「水號訂閱取消通知」至您的郵件信箱，即完成取消電子帳單。 \n2、電子帳單/輸入帳號與密碼/登入成功後，至左側服務項目/修改或取消電子帳單，點選「取消申請」，系統將會寄送「水號訂閱取消通知」至您的郵件信箱，即完成取消電子帳單。\n來源']",有的，您可以申請「電子帳單（Email）」或「簡訊帳單」。申請成功後不再寄送紙本，且至114年底前每期水費還可減免5元。可至台水官網「網路e櫃台」申辦。
daca8d02-9e98-4719-b362-e2c452bf536d,喝起來有一股藥味，這水是不是不乾淨？,"['應之自來水會透過嚴格的檢驗管理來為用戶把關，民眾可安心飲用。\n來源：https://www.water.gov.tw/ch/Subject/Detail/3815?nodeId=4889\n自來水中的氯對人體有什麼傷害? 氯有什麼優缺點?\n**發布日期**: 2022/07/21 \n1. 自來水生產過程須加氯消毒，使供水符合我國「飲用水水質標準」自由有效餘氯含量之規定（0.2~1.0毫克／公升，天然災害期間為0.2~3.0毫克／公升），水中含氯濃度在此範圍內對人體是不會有影響的。\n2. 自來水含餘氯的優點：確保自來水符合安全衛生，避免水媒疾病的發生；缺點：有些民眾對氯氣味較為敏感。一般而言，水燒開之後開啟壺蓋再沸騰3-5分鐘，氯味就會散去。\n來源：https://www.water.gov.tw/ch/Subject/Detail/3814?nodeId=4889\n為何台灣的自來水需要經過煮沸呢?\n**發布日期**: 2022/07/21 \n1. 台水公司供應之自來水須符合我國「飲用水水質標準」，也就是說自來水是屬於飲用水的一種，但因國內時有開挖馬路挖斷管線需修理或更換管線之情形，且用戶', '**: 2022/07/21 \n1. 煮沸開水表層有白色漂浮物乃正常現象，其係因存在於液面之硬度物質與氣相中之空氣接觸產生過飽和現象，以致有薄固體漂浮物析出浮於液面。\n2. 自來水加熱產生碳酸鈣、鎂（即俗稱石灰質、硬度物質）沉澱乃是正常現象，飲用無礙於健康。礦物質是人體不可缺的物質，日常生活中我們還要從蔬果食物攝取。此外有醫學研究認為水質硬度與泌尿結石二者間無直接關係，相反的，甚至有醫學研究調查發現水質硬度高心血管疾病發病率低。\n3. 台水公司所供應之自來水均依「飲用水水質標準」規定之項目定期檢驗，另外各級主管機關（環保署及各縣市政府環保局）亦對台水公司之供水作不定期之抽驗，因此民眾可安心飲用。\n來源：https://www.water.gov.tw/ch/Subject/Detail/3826?nodeId=4889\n台水公司自來水是用何種物質來消毒？\n**發布日期**: 2022/07/21 \n台水公司之自來水消毒藥劑主要採用次氯酸鈉、液氯等含氯藥劑消毒，部分淨水場(高級淨水場)則採臭氧消毒。\n來源：https://www.water.gov.tw/ch/Subject/Detai', '05?nodeId=4889\n新房子住了大概有三個月，我家的浴室地板、馬桶及洗臉盆的磁磚上面都會有粉紅色的水漬，有時候洗臉時會聞到有濃濃的消毒藥水味，觀察水在流出來的時候並沒有任何顏色，是透明的，這到底是水質有問題還是有別的原因?\n**發布日期**: 2022/07/21 \n1. 新房子中衛浴區使用三個月磁磚表面會有粉紅色水漬，可能為剛使用時水塔管線設備之積水中鐵氧化物較多，用水後導致衛浴表面積存較多鐵氧化物所致，此經清洗及使用一段時間後，這種現象應可消除。至於洗臉時會聞到消毒水味，可能為新設管線使用接著劑的味道，剛搬入新房子時建議不要直接使用自來水作為飲用水(此時可儘量用水於沖廁、擦洗地板、澆花、洗滌衣物等用途，尤其是早上啟動整晚未用自來水的時候)。\n2. 另外，為確保自來水符合安全衛生，避免水媒疾病的發生，台水公司供應之自來水會經加氯消毒處理，且須符合我國「飲用水水質標準」之自由有效餘氯含量(0.2~1.0毫克／公升，天然災害期間為0.2~3.0毫克／公升)，對一般人而言，這種濃度的自來水聞起來或喝起來是不會有明顯的味道，惟某些嗅覺或味覺較敏感的人仍會感覺到較重的消毒水味，如仍存有']",那通常是「氯」的味道（消毒水味）。為了殺菌確保衛生，自來水會添加微量的氯。這表示水質是安全的。若不喜歡味道，可將水煮沸後開蓋多煮3-5分鐘讓氣味揮發。
1d6063d2-eb65-4409-9ba0-e2749d716145,我想把名字改成我的，原本是前屋主的，要帶什麼去？,"['有二管道可以執行： \n1、網路ｅ櫃台／E帳單申辦／電子帳單/輸入帳號與密碼/登入成功後，至左側服務項目/新增電子帳單，輸入水號與用戶名稱/點選確認申請，系統將會寄送「訂閱電子帳單通知」至您的郵件信箱，即完成新增電子帳單。 \n2、電子帳單/輸入帳號與密碼/登入成功後，至左側服務項目/新增電子帳單，輸入水號與用戶名稱/點選確認申請，系統將會寄送「訂閱電子帳單通知」至您的郵件信箱，即完成新增電子帳單。\n來源：https://www.water.gov.tw/ch/Subject/Detail/3704?nodeId=4889\n如何取消已申請之水號？\n**發布日期**: 2021/11/11 \n在本公司全球資訊網，有二管道可以執行： \n1、網路ｅ櫃台／線上申辦／電子帳單申請/輸入帳號與密碼/登入成功後，至左側服務項目/修改或取消電子帳單，點選「取消申請」，系統將會寄送「水號訂閱取消通知」至您的郵件信箱，即完成取消電子帳單。 \n2、電子帳單/輸入帳號與密碼/登入成功後，至左側服務項目/修改或取消電子帳單，點選「取消申請」，系統將會寄送「水號訂閱取消通知」至您的郵件信箱，即完成取消電子帳單。\n來源', 'ect/Detail/3742?nodeId=4889\n水費突增原因及如何申請複查﹖\n**發布日期**: 2021/11/11 \n水費突增可能發生之原因：  \n\n(一)漏水：用戶表後內線用水設備（含水池、水塔、管線、水栓、馬桶等用水設備）漏水。  \n\n(二)水表問題：故障快轉、錯裝。  \n\n(三)抄表問題：抄表員抄錯或用戶自抄錯誤、或連續鎖門採以推定度數之差異。  \n\n(四)水量遭竊用。  \n\n申請複查方式：  \n\n可利用電話、信函、E-mail或親洽當地營運（服務）所申請複查。\n來源：https://www.water.gov.tw/ch/Subject/Detail/3746?nodeId=4889\n用戶水量計申請檢定之處理規定？\n**發布日期**: 2021/11/11 \n用戶認為所裝水量計有失效或不準確時，得申請本公司派員檢視並填具現場勘查紀錄表。若用戶對現場檢視結果仍有疑慮者，得依「糾紛度量衡器鑑定辦法」，向標準檢驗局第七組或各分局提出糾紛鑑定申請；其鑑定結果若合於標準，由用戶負擔鑑定費，若不合標準，由本公司負擔鑑定費；如屬快轉照比例核減水費，如屬慢轉，不予追收。\n來源：ht', '用水當地服務（營運）所，或於本網站/網路e櫃台/線上申辦，申請取消委託代繳：(1)辦理取消委託代繳，須提供原代繳帳號，申辦資料如有疑義或不明，經本公司聯繫補正資料，請配合提供補正；不願提供者不予受理。(2)水費單以開單日資料為主，申請時如已過下期水費開單日，下期水費仍將由原代繳帳戶扣繳，自下下期水費停止扣繳。(若欲立即終止代繳，請您直接至金融機構申辦取消代繳。)(3)電話申請時請告知水號或用水地址，並提供申請人姓名、電話、原代繳帳號等資料以代填申請書。(4)電話或網路申辦依第(2)點說明生效後，水費將不再送金融機構扣繳，惟因未蓋開戶印鑑章或簽署開戶簽名，無法代為轉寄予金融機構受理，故金融機構仍存有申請扣繳水費之「紀錄」，建議您另撥冗至金融機構申辦取消代繳以將該紀錄清除。三、同一水號如已辦妥新的帳戶代繳，且已開始扣繳，即不再從舊帳戶扣繳。\n來源：https://www.water.gov.tw/ch/Subject/Detail/3737?nodeId=4889\n新裝自來水其管線需通過他人土地、房屋或接用他人所有水管者，需要如何處理？\n**發布日期**: 2022/01/12 \n(1)用']",這需要辦理「過戶」。請準備：1. 近期水費單。2. 您的身分證及印章。3. 建物所有權狀（證明您是新屋主）。若前屋主無法陪同，只要您有產權證明並繳清欠費即可單獨辦理。
6b721225-f0b8-42e8-abe4-be4e66c93518,熱水瓶底下都有白白的垢，那個吃下去會不會結石？,"['1. 您或許遇到過淨水器推銷員拿著一種簡單的電解器放入自來水中，經通電後，自來水開始產生黃褐色固體，當這種固體愈來愈多時，自來水就變成紅褐色渾濁狀，再藉由這種現象批評自來水水質不佳以利其推銷淨水器。\n2. 事實上，這是利用一般大眾對電解現象不了解來達到推銷之目的，因為自來水含有一些電解質（鈉、鈣、鎂等離子），具有導電性，而淨水器推銷員所使用的電解器常利用鐵棒作為陽極，鋁棒作為陰極，當電解器被放入自來水中並通電後，陽極的鐵棒會因電流作用釋放出鐵離子，鐵離子會立即和水反應變成黃（紅）褐色的氫氧化鐵渾濁物，如將電解器的陽極改換成鋁棒，則會釋放出鋁離子，再與水反應變成乳白色的氫氧化鋁渾濁物。\n3. 由此可見，電解所產生的渾濁現象並非來自自來水的水質，而是來自電解器陽極所用的材質，請勿受到這種不實的電解實驗誤導。\n來源：https://www.water.gov.tw/ch/Subject/Detail/3882?nodeId=4889\n自來水煮沸後，有時表面有一層白色漂浮物或有白色鍋垢，會不會影響人體健康？\n**發布日期**: 2022/07/21 \n1. 白色漂浮物或稱鍋垢是水中碳酸氫鹽（俗', '是5.0毫克／公升；鋅非屬影響健康物質，量高使水產生白濁物（氫氧化鋅）而影響觀感。\n2. 自來水含鋅多來自鍍鋅銅管的溶出，台水公司所供應之自來水會透過嚴格的檢驗管理來為用戶把關，民眾可安心飲用。\n來源：https://www.water.gov.tw/ch/Subject/Detail/3839?nodeId=4889\n何謂硬度？自來水硬度的含量依「飲用水水質標準」規定為多少？\n**發布日期**: 2022/07/21 \n1. 水中溶解的鈣離子和鎂離子以碳酸鈣表示即被稱為硬度，水中硬度可分為暫時硬度與永久硬度，暫時硬度是指以氫碳酸鹽方式存在者，當它被加熱煮沸時會變成碳酸鈣白色固體而從水中析出，永久硬度則是以非氫碳酸鹽方式存在於水中者（如硫酸鈣、氯化鈣、硫酸鎂、氯化鎂等），加熱並不會析出，一般地下水常含有氫碳酸鈣硬度，當被煮沸時會變成碳酸鈣（即俗稱的鍋垢）。\n2. 我國「飲用水水質標準」總硬度(以CaCO3計)的最大限值是300毫克／公升，因天然災害需分區供水者，於天然災害應變期間，供水區域飲用水水質標準總硬度最大限值為400毫克/公升。有些地區的用戶抱怨他們的自來水煮沸會產生鍋垢而質疑', 'Id=4889\n請問至家庭或由水廠送出之自來水溶氧濃度平均放範圍為何 ?\n**發布日期**: 2022/07/21 \n一般而言溶氧含量主要係追蹤水污染狀況之指標之一，清淨的河流的水質溶氧量可接近飽和溶氧量，水溫影響溶氧高低，溫度愈高溶氧量愈低，一般而言淨水處理後自來水溶氧量均較污染之水高，目前自來水之飲用水水質標準，未規範檢測水之溶氧濃度項目。\n來源：https://www.water.gov.tw/ch/Subject/Detail/3821?nodeId=4889\n煮完水後發現水中竟然有懸浮物像雪花一樣飄在表面是不是水質的問題?\n**發布日期**: 2022/07/21 \n1. 水煮沸後水中有懸浮物，是懸浮之細小碳酸鈣，一般水中溶解的鈣離子和鎂離子以碳酸鈣表示即所稱硬度，水中硬度可分為暫時硬度與永久硬度，暫時硬度是指以氫碳酸鹽方式存在者。\n2. 當它被加熱煮沸時會變成碳酸鈣白色固體而從水中析出，較細小之碳酸鈣不會沉澱，懸浮於水中，一般地下水常含有氫碳酸鈣，當被煮沸時會變成碳酸鈣（即俗稱的鍋垢），根據國內外文獻資料，它的存在於自來水中的濃度對人體健康並無影響。\n3. 我國「飲用水水質']",那個白垢是「碳酸鈣」（俗稱石灰質），是天然礦物質（鈣、鎂）加熱後的沉澱。醫學研究顯示這與腎結石無直接關係，人體也需要礦物質。台水供應的水質硬度均符合標準，請安心飲用。
f93453e9-ab48-47e8-a361-a6de60a1b03f,我忘了繳錢，現在半夜超商還能繳嗎？還是會被斷水？,"['付、Pi拍錢包、LINE\nPay...等行動支付APP可直接輸入水號繳納水費。三、可於本網站首頁，點選「線上繳費」，選擇「信用卡繳費」或「網路繳費」，線上進行繳費。四、水費單代收期限為次月21日，衡量補寄水費通知單郵寄時程，仍在超商、銀行代收期限內時，可受理用戶補單申請，自當月5日起至次月15日截止受理。例如：2月份帳單代收期限為3月21日，補單受理至3月15日止。倘有連續數期未收到通知單時，請通知用水當地服務(營運)所協助處理。五、倘前期水費未繳，請就近至本公司各地服務所繳費以免停水。六、二期催繳欠費受限於繳費期限，恕不開放補寄帳單。\n來源：https://www.water.gov.tw/ch/Subject/Detail/3739?nodeId=4889\n如何取消委託金融機構或郵局代繳水費？\n**發布日期**: 2022/01/12 \n一、請用戶攜帶近期水費單據、身分證、開戶印章、存摺或信用卡，向已開戶之郵局或金融機構或本公司用水當地服務（營運）所辦理終止委託代繳即可。二、亦可電洽用水當地服務（營運）所，或於本網站/網路e櫃台/線上申辦，申請取消委託代繳：(1)辦理取消委託代繳，', '豐銀行、渣打銀行、中國信託商銀、聯邦銀行、合作金庫、臺灣中小企銀、玉山銀行、遠東商銀、安泰銀行、第一銀行、土地銀行、台新商銀、凱基商銀、匯豐銀行、永豐銀行、元大銀行、國泰世華銀行、陽信商銀、彰化銀行、華南銀行、新光銀行、上海銀行、台中商銀、臺灣銀行、富邦銀行、三信商銀、星展銀行、高雄銀行(詳下方備註)等單位。\n註：高雄銀行信用卡代繳僅限「政府機關採購卡」(一般信用卡不適用)，且須直接向該行申辦，本公司無法代收委託書。\n申請信用卡扣繳水費即代表同意配合本公司扣繳水費相關作業及流程，倘無法配合者，請改用其他管道繳費。\n\n貴用戶如連續2期代繳扣款失敗，本公司得取消代繳帳號，日後改寄水費通知單以便利您繳費。\n來源：https://www.water.gov.tw/ch/Contents?nodeId=760\n如何使用電話語音轉帳繳費?\n**發布日期**: 2025/01/23 \n用戶利用電話按鍵傳輸繳費資料，即可自動於其存款帳戶扣繳，目前台北富邦銀行有提供此項電話語音繳水費服務，限台北富邦銀行存款戶，須事先向該行申辦。\n\n繳費方式：請撥台北富邦銀行客服專線(02)8751－6665按1選擇語音', '費。\n來源：https://www.water.gov.tw/ch/Contents?nodeId=760\n如何使用代收水費?\n**發布日期**: 2025/01/23 \n請持水費通知單，於代收期限前至下列與本公司簽約代收水費之各大超商、金融機構繳交水費：\n統一、全家、OK(來來)、萊爾富便利商店。\n\n美廉社、郵局、臺灣銀行、中國信託商銀、土地銀行、合作金庫、彰化銀行、台中商銀、新光銀行、三信商銀、第一銀行、聯邦銀行、板信商銀、瑞興銀行、陽信銀行、日商瑞穗實業銀行、華泰銀行。\n\n\n宜蘭信合社、基隆一信、基隆二信、淡水一信、淡水信合社、新竹一信、新竹三信、桃園信合社、彰化一信、彰化五信、彰化六信、彰化十信、鹿港信合社、臺南三信、高雄三信、各農會、漁會等。\n來源：https://www.water.gov.tw/ch/Contents?nodeId=760\n如何使用代收水費?\n**發布日期**: 2025/01/23 \n請持水費通知單，於代收期限前至下列與本公司簽約代收水費之各大超商、金融機構繳交水費：\n統一、全家、OK(來來)、萊爾富便利商店。\n\n美廉社、郵局、臺灣銀行、中國信託商銀、土']",若僅逾期幾天（在代收期限內），仍可至超商繳費（需加收遲延金）。若已超過兩個月未繳，可能會被停水。半夜若有繳費需求，可使用線上刷卡或行動支付APP繳納，銷帳速度較快。
c9f27286-0cbe-4219-9f22-62d67bc47454,為什麼洗澡水忽大忽小，樓上根本洗不痛快！,"['。\n來源：https://www.water.gov.tw/ch/Subject/Detail/3816?nodeId=4889\n請問自來水中的總三鹵甲烷含量有多少?一般在洗澡時水有經過加熱,而且不可能有時間令其揮發, 民眾該用何方法避免在洗澡時接觸總三鹵甲烷呢?\n**發布日期**: 2022/07/21 \n1. 我國「飲用水水質標準」中規定，飲用水中總三鹵甲烷限值為0.080毫克/公升，台水公司所供應之自來水須符合規定。\n2. 若為降低接觸總三鹵甲烷的風險，我國部分醫師建議洗澡時如果浴室沒有裝設過濾器的話，最好的方式就是保持浴室通風，並儘可能縮短洗澡時間。\n來源：https://www.water.gov.tw/ch/Subject/Detail/3817?nodeId=4889\n為什麼一開水龍頭(直接由管線流出，未經水塔)水竟然是白色的還會看到冒煙，大約2分鐘後白色的水才會逐漸呈現透明?\n**發布日期**: 2022/07/21 \n所述狀況是因為在輸送自來水至用戶的管線中需加壓送水，在加壓過程時會混入空氣，使得從水龍頭流出的自來水夾帶大量的氣泡，看起來白濁(或似有冒煙)，但放置一會', '由配水管線流至他處，而污染府上自來水水質。\n2. 馬達直接由自來水配水管中抽水，易使水管內形成負壓而吸入污水。\n3. 供飲用的蓄水池或水塔，因共同接入自來水及其他來源（如地下水）的水，使自來水受到污染。\n4. 蓄水池位置較低，或樓頂之蓄水塔未妥善加蓋，雨水或附近之污水易於流入，使蓄水池（塔）內之自來水受到污染。\n來源：https://www.water.gov.tw/ch/Subject/Detail/3889?nodeId=4889\n防止用戶內線錯接（混接）造成水質污染。\n**發布日期**: 2022/07/20 \n1. 自來水用戶將自來水管與井水管線接用混用或擅自將其他管線與自來水管線相連接，如造成自來水被污染，屬違反自來水法。\n2. 台水公司為避免用戶內線發生錯（混）接，除於受理新裝落實內線檢查外，並請台灣區水管工程工業同業公會督促所屬會員不要承接自來水與非自來水系統錯（混）接業務，籲請用戶亦能予以配合。\n來源：https://www.water.gov.tw/ch/Subject/Detail/3888?nodeId=4889\n如何查詢水費是否已繳？\n**發布日期**: 202', '序，輸配水管線中之自來水含有0.2～1.0ppm有效餘氯及保持1.5～4公斤/平方釐米的水壓，供應至用戶屋內還必須經過水錶，在水錶前端設有濾網，因此在供水過程中爬蟲(蠕蟲)或小型動物是無法侵入用戶。\n2. 自來水用戶發現小型動物於水龍頭流出之可能原因為：間接用水之水池、水塔疏於清潔維護，清潔孔未加蓋上鎖，通氣管及溢排管之防蟲網破損，等原因均可能會讓小型動物沿管線或牆壁爬入水池內。\n3. 為維持飲用水安全，自來水用戶應注意居家環境衛生，並定期清洗水池、水塔，經常檢查通氣管及溢排管之防蟲網是否有破損及清潔孔蓋是否蓋好上鎖以避免遭人任意開啟。\n來源：https://www.water.gov.tw/ch/Subject/Detail/3880?nodeId=4889\n飲用水中屬於適飲性礦物相關之總溶解固體量及總硬度標準合宜嗎？\n**發布日期**: 2022/07/21 \n1. 礦物質是人體不可缺的物質，日常生活中我們為了獲得足夠的礦物質必須從蔬果等食物攝取。\n2. 國內醫學研究認為自來水硬度與泌尿結石二者之間無直接關係；另根據醫學研究調查發現水質硬度高心血管疾病發病率低，國外1999年亦有相']",這通常是水壓問題。若您住樓層較高，自來水自然壓力可能不足。建議檢查是否已安裝蓄水池與加壓馬達，改採「間接供水」（先抽到頂樓水塔再往下流），以穩定水壓。
7076745d-c95a-4bd0-92a9-38f4d8f9b371,我覺得隔壁好像偷接我的水管，水費變好多，要去哪裡講？,"['ect/Detail/3742?nodeId=4889\n水費突增原因及如何申請複查﹖\n**發布日期**: 2021/11/11 \n水費突增可能發生之原因：  \n\n(一)漏水：用戶表後內線用水設備（含水池、水塔、管線、水栓、馬桶等用水設備）漏水。  \n\n(二)水表問題：故障快轉、錯裝。  \n\n(三)抄表問題：抄表員抄錯或用戶自抄錯誤、或連續鎖門採以推定度數之差異。  \n\n(四)水量遭竊用。  \n\n申請複查方式：  \n\n可利用電話、信函、E-mail或親洽當地營運（服務）所申請複查。\n來源：https://www.water.gov.tw/ch/Subject/Detail/3746?nodeId=4889\n用戶水量計申請檢定之處理規定？\n**發布日期**: 2021/11/11 \n用戶認為所裝水量計有失效或不準確時，得申請本公司派員檢視並填具現場勘查紀錄表。若用戶對現場檢視結果仍有疑慮者，得依「糾紛度量衡器鑑定辦法」，向標準檢驗局第七組或各分局提出糾紛鑑定申請；其鑑定結果若合於標準，由用戶負擔鑑定費，若不合標準，由本公司負擔鑑定費；如屬快轉照比例核減水費，如屬慢轉，不予追收。\n來源：ht', '用水當地服務（營運）所，或於本網站/網路e櫃台/線上申辦，申請取消委託代繳：(1)辦理取消委託代繳，須提供原代繳帳號，申辦資料如有疑義或不明，經本公司聯繫補正資料，請配合提供補正；不願提供者不予受理。(2)水費單以開單日資料為主，申請時如已過下期水費開單日，下期水費仍將由原代繳帳戶扣繳，自下下期水費停止扣繳。(若欲立即終止代繳，請您直接至金融機構申辦取消代繳。)(3)電話申請時請告知水號或用水地址，並提供申請人姓名、電話、原代繳帳號等資料以代填申請書。(4)電話或網路申辦依第(2)點說明生效後，水費將不再送金融機構扣繳，惟因未蓋開戶印鑑章或簽署開戶簽名，無法代為轉寄予金融機構受理，故金融機構仍存有申請扣繳水費之「紀錄」，建議您另撥冗至金融機構申辦取消代繳以將該紀錄清除。三、同一水號如已辦妥新的帳戶代繳，且已開始扣繳，即不再從舊帳戶扣繳。\n來源：https://www.water.gov.tw/ch/Subject/Detail/3737?nodeId=4889\n新裝自來水其管線需通過他人土地、房屋或接用他人所有水管者，需要如何處理？\n**發布日期**: 2022/01/12 \n(1)用', '），通氣口應加設防蟲網。水塔應設溢流管，管口應加設防蟲網。\n\n(四)水塔底應設清洗用之洩水管及止水閥，設置於建築物內之水池、水塔不得與建築物其他部分兼用，並應可從外部對水池、水塔各面進行維修檢查（間隔45公分以上）。\n\n(五)自來水用水設備標準第十八條：「自來水與非自來水系統應完全分開。」故消防用水依上項規定需與自來水系統完全分開。\n來源：https://www.water.gov.tw/ch/Subject/Detail/3712?nodeId=4889\n公車售票亭及政府修建之公廁申請接水如何辦理？\n**發布日期**: 2021/11/11 \n經縣市政府、鄉鎮市公所出具同意接水函件即可辦理，免予查驗建築物使用執照。\n來源：https://www.water.gov.tw/ch/Subject/Detail/3716?nodeId=4889\n經法院拍賣之房屋，如何申請接水？\n**發布日期**: 2021/11/11 \n凡經法院強制執行拍賣之房屋，承購人得以免繳前用戶所欠水費，並註銷前用戶水籍，承購人得憑法院核發之不動產權利移轉證明書影本 ，以新裝手續申請供水。\n來源：https://w']",若懷疑遭「竊水」或盜用，可向台水公司檢舉。台水會保密檢舉人身分。若查證屬實並追回水費，檢舉人還可獲得獎金。請撥打1910或向當地營運所反映。
